-- MySQL dump 10.13  Distrib 5.5.37, for linux2.6 (x86_64)
--
-- Host: localhost    Database: tuangou
-- ------------------------------------------------------
-- Server version	5.5.37

/*!40101 SET @OLD_CHARACTER_SET_CLIENT=@@CHARACTER_SET_CLIENT */;
/*!40101 SET @OLD_CHARACTER_SET_RESULTS=@@CHARACTER_SET_RESULTS */;
/*!40101 SET @OLD_COLLATION_CONNECTION=@@COLLATION_CONNECTION */;
/*!40101 SET NAMES utf8 */;
/*!40103 SET @OLD_TIME_ZONE=@@TIME_ZONE */;
/*!40103 SET TIME_ZONE='+00:00' */;
/*!40014 SET @OLD_UNIQUE_CHECKS=@@UNIQUE_CHECKS, UNIQUE_CHECKS=0 */;
/*!40014 SET @OLD_FOREIGN_KEY_CHECKS=@@FOREIGN_KEY_CHECKS, FOREIGN_KEY_CHECKS=0 */;
/*!40101 SET @OLD_SQL_MODE=@@SQL_MODE, SQL_MODE='NO_AUTO_VALUE_ON_ZERO' */;
/*!40111 SET @OLD_SQL_NOTES=@@SQL_NOTES, SQL_NOTES=0 */;

--
-- Table structure for table `yy_address`
--

DROP TABLE IF EXISTS `yy_address`;
/*!40101 SET @saved_cs_client     = @@character_set_client */;
/*!40101 SET character_set_client = utf8 */;
CREATE TABLE `yy_address` (
  `addressid` int(11) unsigned NOT NULL AUTO_INCREMENT,
  `user_id` int(11) NOT NULL DEFAULT '0',
  `username` varchar(30) NOT NULL DEFAULT '''''',
  `phone` char(20) NOT NULL DEFAULT '0',
  `zipcode` int(10) NOT NULL DEFAULT '0' COMMENT '邮政编码',
  `s_province` char(10) NOT NULL DEFAULT '‘’',
  `s_city` char(10) NOT NULL DEFAULT '‘’',
  `s_county` char(10) NOT NULL DEFAULT '‘’',
  `street` char(50) NOT NULL DEFAULT '‘’',
  UNIQUE KEY `idyy_address_UNIQUE` (`addressid`)
) ENGINE=MyISAM AUTO_INCREMENT=7 DEFAULT CHARSET=utf8;
/*!40101 SET character_set_client = @saved_cs_client */;

--
-- Dumping data for table `yy_address`
--

LOCK TABLES `yy_address` WRITE;
/*!40000 ALTER TABLE `yy_address` DISABLE KEYS */;
INSERT INTO `yy_address` VALUES (3,1,'钟威','18659307970',365300,'福建省','福州市','鼓楼区','杨桥社区15栋301'),(4,9,'123','12313',123123,'江西省','九江市','星子县','12312'),(5,10,'131','1313',1231,'江西省','上饶市','市、县级市','12312'),(6,2,'131','13',1231,'内蒙古','呼和浩特市','新城区','123');
/*!40000 ALTER TABLE `yy_address` ENABLE KEYS */;
UNLOCK TABLES;

--
-- Table structure for table `yy_admin`
--

DROP TABLE IF EXISTS `yy_admin`;
/*!40101 SET @saved_cs_client     = @@character_set_client */;
/*!40101 SET character_set_client = utf8 */;
CREATE TABLE `yy_admin` (
  `adminid` tinyint(3) unsigned NOT NULL AUTO_INCREMENT,
  `username` char(30) NOT NULL DEFAULT 'aaa',
  `password` char(32) NOT NULL DEFAULT 'aaa',
  PRIMARY KEY (`adminid`)
) ENGINE=MyISAM AUTO_INCREMENT=2 DEFAULT CHARSET=utf8;
/*!40101 SET character_set_client = @saved_cs_client */;

--
-- Dumping data for table `yy_admin`
--

LOCK TABLES `yy_admin` WRITE;
/*!40000 ALTER TABLE `yy_admin` DISABLE KEYS */;
INSERT INTO `yy_admin` VALUES (1,'wo361658575','0b8903c9911e1562d80895099b8b8304');
/*!40000 ALTER TABLE `yy_admin` ENABLE KEYS */;
UNLOCK TABLES;

--
-- Table structure for table `yy_area`
--

DROP TABLE IF EXISTS `yy_area`;
/*!40101 SET @saved_cs_client     = @@character_set_client */;
/*!40101 SET character_set_client = utf8 */;
CREATE TABLE `yy_area` (
  `aid` int(11) NOT NULL AUTO_INCREMENT,
  `aname` char(10) NOT NULL,
  `sort` smallint(6) NOT NULL,
  `display` smallint(6) NOT NULL DEFAULT '1',
  `pid` smallint(6) NOT NULL DEFAULT '0',
  PRIMARY KEY (`aid`),
  UNIQUE KEY `idyy_area_UNIQUE` (`aid`)
) ENGINE=MyISAM AUTO_INCREMENT=14 DEFAULT CHARSET=utf8;
/*!40101 SET character_set_client = @saved_cs_client */;

--
-- Dumping data for table `yy_area`
--

LOCK TABLES `yy_area` WRITE;
/*!40000 ALTER TABLE `yy_area` DISABLE KEYS */;
INSERT INTO `yy_area` VALUES (2,'福建',1,1,0),(3,'福州',1,1,2),(5,'厦门',1,1,2),(6,'浙江',1,1,0),(7,'北京',1,1,0),(8,'湖南',1,1,0),(9,'广东',1,1,0),(10,'宁波',2,1,6),(11,'杭州',1,1,6),(12,'昆明',1,1,0),(13,'小西门',1,1,12);
/*!40000 ALTER TABLE `yy_area` ENABLE KEYS */;
UNLOCK TABLES;

--
-- Table structure for table `yy_cart`
--

DROP TABLE IF EXISTS `yy_cart`;
/*!40101 SET @saved_cs_client     = @@character_set_client */;
/*!40101 SET character_set_client = utf8 */;
CREATE TABLE `yy_cart` (
  `cart_id` int(11) unsigned NOT NULL AUTO_INCREMENT,
  `user_id` int(6) NOT NULL,
  `goods_id` int(6) NOT NULL,
  `goods_num` int(4) NOT NULL,
  PRIMARY KEY (`cart_id`)
) ENGINE=MyISAM AUTO_INCREMENT=37 DEFAULT CHARSET=utf8;
/*!40101 SET character_set_client = @saved_cs_client */;

--
-- Dumping data for table `yy_cart`
--

LOCK TABLES `yy_cart` WRITE;
/*!40000 ALTER TABLE `yy_cart` DISABLE KEYS */;
INSERT INTO `yy_cart` VALUES (23,6,15,1),(29,5,16,2),(30,5,18,1);
/*!40000 ALTER TABLE `yy_cart` ENABLE KEYS */;
UNLOCK TABLES;

--
-- Table structure for table `yy_category`
--

DROP TABLE IF EXISTS `yy_category`;
/*!40101 SET @saved_cs_client     = @@character_set_client */;
/*!40101 SET character_set_client = utf8 */;
CREATE TABLE `yy_category` (
  `cid` int(10) unsigned NOT NULL AUTO_INCREMENT,
  `cname` char(20) NOT NULL,
  `key_words` varchar(120) NOT NULL,
  `title` varchar(45) NOT NULL,
  `description` varchar(255) NOT NULL,
  `sort` smallint(5) unsigned NOT NULL,
  `display` smallint(5) unsigned NOT NULL DEFAULT '1',
  `pid` smallint(5) unsigned NOT NULL DEFAULT '0',
  PRIMARY KEY (`cid`),
  UNIQUE KEY `idyy_category_UNIQUE` (`cid`),
  UNIQUE KEY `cname_UNIQUE` (`cname`)
) ENGINE=MyISAM AUTO_INCREMENT=13 DEFAULT CHARSET=utf8;
/*!40101 SET character_set_client = @saved_cs_client */;

--
-- Dumping data for table `yy_category`
--

LOCK TABLES `yy_category` WRITE;
/*!40000 ALTER TABLE `yy_category` DISABLE KEYS */;
INSERT INTO `yy_category` VALUES (1,'美食','美食一条街','美食一条街','美食一条街美食一条街',1,1,0),(2,'火锅','火锅很好吃火锅很好吃','火锅很好吃','火锅很好吃火锅很好吃',1,1,1),(4,'过桥米线','过桥米线过桥米线','过桥米线过桥米线过桥米线过桥米线','过桥米线过桥米线过桥米线过桥米线',1,1,1),(5,'酒店','福州酒店','福州酒店福州酒店','福州酒店福州酒店福州酒店',2,1,0),(6,'KTV','福州KTV福州KTV福州KTV','福州KTV福州KTV福州KTV福州KTV','福州KTV福州KTV福州KTV',1,1,0),(7,'休闲娱乐','福州休闲娱乐福州休闲娱乐','福州休闲娱乐福州休闲娱乐福州休闲娱乐','福州休闲娱乐福州休闲娱乐',1,1,0),(8,'购物','福州购物福州购物','福州购物福州购物福州购物','福州购物福州购物福州购物福州购物',1,1,0),(9,'运动型酒店','运动型酒店运动型酒店运动型酒店','运动型酒店运动型酒店运动型酒店运动型酒店','运动型酒店运动型酒店运动型酒店',1,1,5),(10,'超级KTV','超级KTV超级KTV超级KTV','超级KTV超级KTV超级KTV超级KTV','超级KTV超级KTV超级KTV超级KTV',1,1,6),(11,'周边游/旅游','周边游/旅游周边游/旅游','周边游/旅游周边游/旅游周边游/旅游','周边游/旅游周边游/旅游周边游/旅游',1,1,0),(12,'电影/在线选座','电影/在线选座','电影/在线选座','电影/在线选座电影/在线选座',1,1,0);
/*!40000 ALTER TABLE `yy_category` ENABLE KEYS */;
UNLOCK TABLES;

--
-- Table structure for table `yy_collect`
--

DROP TABLE IF EXISTS `yy_collect`;
/*!40101 SET @saved_cs_client     = @@character_set_client */;
/*!40101 SET character_set_client = utf8 */;
CREATE TABLE `yy_collect` (
  `collectid` int(11) unsigned NOT NULL AUTO_INCREMENT,
  `goods_id` int(11) NOT NULL,
  `user_id` int(10) NOT NULL,
  PRIMARY KEY (`collectid`)
) ENGINE=MyISAM AUTO_INCREMENT=14 DEFAULT CHARSET=utf8;
/*!40101 SET character_set_client = @saved_cs_client */;

--
-- Dumping data for table `yy_collect`
--

LOCK TABLES `yy_collect` WRITE;
/*!40000 ALTER TABLE `yy_collect` DISABLE KEYS */;
INSERT INTO `yy_collect` VALUES (2,12,2),(3,14,3),(6,9,1),(7,12,1),(9,16,1),(10,20,1),(11,18,5),(12,15,8),(13,15,5);
/*!40000 ALTER TABLE `yy_collect` ENABLE KEYS */;
UNLOCK TABLES;

--
-- Table structure for table `yy_goods`
--

DROP TABLE IF EXISTS `yy_goods`;
/*!40101 SET @saved_cs_client     = @@character_set_client */;
/*!40101 SET character_set_client = utf8 */;
CREATE TABLE `yy_goods` (
  `gid` int(10) unsigned NOT NULL AUTO_INCREMENT,
  `sid` smallint(5) unsigned NOT NULL,
  `aid` smallint(5) unsigned NOT NULL,
  `cid` smallint(5) unsigned NOT NULL,
  `main_title` varchar(255) NOT NULL,
  `sub_title` varchar(255) NOT NULL,
  `old_price` int(11) unsigned NOT NULL DEFAULT '0',
  `price` int(11) unsigned NOT NULL DEFAULT '0',
  `buy` int(45) unsigned NOT NULL DEFAULT '0',
  `goods_img` varchar(255) NOT NULL,
  `begin_time` char(60) NOT NULL DEFAULT '' COMMENT '开始时间',
  `end_time` char(60) NOT NULL DEFAULT '' COMMENT '下架时间',
  PRIMARY KEY (`gid`),
  UNIQUE KEY `gid_UNIQUE` (`gid`)
) ENGINE=MyISAM AUTO_INCREMENT=66 DEFAULT CHARSET=utf8;
/*!40101 SET character_set_client = @saved_cs_client */;

--
-- Dumping data for table `yy_goods`
--

LOCK TABLES `yy_goods` WRITE;
/*!40000 ALTER TABLE `yy_goods` DISABLE KEYS */;
INSERT INTO `yy_goods` VALUES (15,2,2,7,'【世博园】世博温泉','仅售138元！价值268元的净桑门票，提供免费WiFI.',268,138,126,'Public/Uploads/20150622/5587e0d16e838.jpg','1434967200','1446200100'),(16,2,3,1,'【11店通用】柳记农家园','仅售79元！价值100元的代金券1张，除香烟外全场通用，可叠加使用2张，可免费使用包间，提',100,79,283,'Public/Uploads/20150622/5587e1acddfa0.jpg','1434968460','1448187660'),(17,2,5,1,'【4店通用】HappyMiss鲜花饼烘焙坊','仅售25元！价值28元的经典玫瑰鲜花饼1盒（10个），提供免费WiFi，共享休闲美味。',28,25,868,'Public/Uploads/20150622/5587e1faa5338.jpg','1434968520','1448878920'),(18,2,11,1,'【大观楼】农耕时代老菜馆','仅售127元！价值210元的中餐套餐，建议4-5人使用，提供免费WiFi。',210,127,553,'Public/Uploads/20150622/5587e23940834.jpg','1434968580','1435659780'),(19,2,2,1,'【7店通用】花马芭黎','仅售88元！价值118元的蛋糕5选1，约8英寸。云南烘焙 O2O第一高端品牌！。',118,88,341,'Public/Uploads/20150622/5587e277b809a.jpg','1434968640','1448187840'),(20,2,13,1,'【小西门】富源酸菜土猪脚火锅','仅售159元！最高价值273元的套餐三，建议6-7人使用，可免费使用包间，提供免费WiFi',273,159,3908,'Public/Uploads/20150622/5587e30614fc7.jpg','1434968760','1448187960'),(21,2,12,1,'【南屏片区】涮客','仅售49.9元！价值84元的涮客双人火锅套餐，美味挡不住，欢乐齐分享。',84,49,4422,'Public/Uploads/20150622/5587e3563ee09.jpg','1434968880','1448188080'),(22,2,2,1,'【南屏片区】蟹屿螺洲','仅售98元！价值108元的108元自助餐，提供免费WiFi。',108,98,1558,'Public/Uploads/20150622/5587e38f9fdec.jpg','1434968940','1443608940'),(23,2,7,5,'【酒店】全季酒店','仅售254元起！价值309元的大床房入住1晚，免费早餐1份，可连续入住，免费WiFi。',309,259,217,'Public/Uploads/20150622/5587e43c5e693.jpg','1434969120','1446201120'),(24,2,2,5,'如家快捷酒店（白塔路店）','仅售139元！最高价值299元的入住1晚，大床房/标间2选1，可连续入住，免费WiFi。春',299,169,655,'Public/Uploads/20150622/5587e482726ec.jpg','1434969180','1440239580'),(25,2,6,5,'【酒店】驿鑫商务酒店','仅售108元！最高价值178元的入住1晚，驿鑫商务酒店豪华房/标间2选1，可连续入住，免费',178,108,800,'Public/Uploads/20150622/5587e4db46fec.jpg','1434969240','1435660440'),(26,2,3,5,'【酒店】如家快捷酒店','仅售139元！价值399元的如家快捷酒店入住1晚，大床房/双床房2选1，可连续入住，干净温',399,269,215,'Public/Uploads/20150622/5587e5807dcae.jpg','1434969420','1446115020'),(27,2,9,5,'【酒店】兴都酒店','仅售136元！价值198元的标准单人房入住1晚，可连续入住，免费WiFi。',198,136,889,'Public/Uploads/20150622/5587e5cd81cc3.jpg','1434970800','1443004680'),(28,2,2,11,'【官南大道】海丽宾雅帕佛伦斯度假酒店','仅售188.00元！价值258元的净桑门票（时长20小时）。”。',258,188,333,'Public/Uploads/20150622/558809a01ef72.jpg','1434978600','1445519400'),(29,2,12,11,'【宜良县】云南华侨城温泉水公园','仅售190.00元！价值200元的周末节假日温泉水公园门票1张，提供免费WiFi。周末法定节假日通用。',200,150,444,'Public/Uploads/20150622/558809e90a02d.jpg','1434978720','1441977120'),(30,2,3,11,'【连江县】贵安水世界','仅售170.00元！价值180元的贵安水世界成人票1张。',180,170,555,'Public/Uploads/20150622/55880a2e52448.jpg','1434978840','1440249240'),(31,2,3,11,'【永泰县】云顶景区学生套票','仅售135.00元！价值190元的云顶景区学生套票，提供免费WiFi。',190,135,666,'Public/Uploads/20150622/55880a692dbc6.jpg','1434978900','1440681300'),(32,2,3,12,'【3店通用】中瑞国际影城','【不含电影票】仅售25元！价值34元的1杯中可+1杯果汁+1份中爆1次，提供免费WiFi。',34,25,777,'Public/Uploads/20150622/55880ab0c752f.jpg','1434978000','1445519760'),(33,2,3,12,'【宝龙城市广场】金逸影城','仅售40元！价值100元的电影票1张，可观看2D/3D，提供免费WiFi。',100,40,6867,'Public/Uploads/20150622/55880b116b2ae.jpg','1434979020','1453468620'),(34,2,3,12,'【东区/鼓山】东都国际影城','【不含电影票】仅售20元！价值24元的米汉堡套餐。',24,20,1414,'Public/Uploads/20150622/55880b4b5f868.jpg','1434979140','1443100740'),(35,2,3,12,'【工业路/茶亭】世茂时尚欢乐影城','仅售33元！价值90元的电影票1张，可观看2D/3D，提供免费WiFi。',90,33,6454,'Public/Uploads/20150622/55880b8762129.jpg','1434979140','1445520000'),(36,2,3,12,'【马尾区】金逸院线西提电影城','仅售36元！最高价值100元的2D/3D晚场+假日电影票通兑，可观看2D/3D，提供免费WiFi。',100,36,8672,'Public/Uploads/20150622/55880bbe96d87.jpg','1434979200','1450963200'),(37,2,3,12,'【白湖亭】中瑞大地影城','仅售20.9元！价值90元的电影票1张，可观看2D/3D，提供免费WiFi。',90,21,9778,'Public/Uploads/20150622/55880bf84a03a.jpg','1434979260','1449753660'),(38,2,3,6,'【宝龙城市广场】agogo量贩KTV','大家爱K歌！仅售45元，最高价值336元的agogo量贩KTV周一至周五白场7小时欢唱，小包/中包/豪中包可用，宝龙旗舰店，盛大开团。',355,45,12321,'Public/Uploads/20150622/55880c4643c76.jpg','1434979380','1452777780'),(39,2,3,10,'【东街口】欢唱KTV','大家爱K歌！仅售28元，价值308元的欢唱KTV周一至周五11:00-18:00包段7小时或周一至周日午夜场欢唱套餐，多种包厢可用、可升级包厢。',308,28,12313,'Public/Uploads/20150622/55880c76cde88.jpg','1434979380','1453296240'),(40,2,3,6,'【乐都汇】公馆KTV','大家爱K歌！仅售58元，最高价值265元的公馆KTV白场7小时K歌欢唱/午夜场3小时欢唱套餐2选1，迷你包/小包/VIP小包/中包可用，适合3-7人，带上您的好友，尽情欢唱吧！',265,58,468,'Public/Uploads/20150622/55880cafa14aa.jpg','1434979440','1449753840'),(41,2,3,6,'【晋安区】音乐一百度KTV','大家爱K歌！仅售19元，最高价值306元的音乐一百度KTV欢唱套餐，情侣包/小包/中包/VIP中包可用，适合2-10人。',306,19,552,'Public/Uploads/20150622/55880cf7b3634.jpg','1434979560','1449753960'),(42,2,3,6,'【学生街】佰迪乐KTV','大家爱K歌！仅售18元，价值252元的佰迪乐KTV周一至周五11:00-18:00包段7小时欢唱，迷你包/小包/主题小包可用。',252,18,33,'Public/Uploads/20150622/55880d314da72.jpg','1434979620','1460640420'),(43,2,3,6,'【晋安区】白宫梦想自助KTV','大家爱K歌！仅售22.00元，价值311元的白宫梦想自助KTV周一至周日12:00-18:00欢唱6小时，白场中包/白场小包可用，提供免费WiFi',314,22,277,'Public/Uploads/20150622/55880da77a841.jpg','1434979740','1461331740'),(44,2,3,6,'【东区/鼓山】天籁之音KTV','仅售48元！价值479元的天籁之音KTV48元白场欢唱套餐，欢迎光临。8月（1至2）日到店，小包需另加15元、中包另加20元~',479,48,77,'Public/Uploads/20150622/55880de0b4333.jpg','1434979800','1439991000'),(45,2,3,7,'【左海/西湖公园】中博游泳馆','仅售1380元！价值1580元的全年卡1次，提供免费WiFi。福州唯一一家地下活水游泳馆，免费停车三小时！。',1580,1380,89,'Public/Uploads/20150622/55880e486e1d7.jpg','1434979860','1452778260'),(46,2,3,7,'【2店通用】壹品足道','仅售128元！价值334元的足疗推拿套餐，男女不限，提供免费WiFi。可以过夜，提供免费自助餐+极速网吧+豪华棋牌室，节假日通用。',335,128,99,'Public/Uploads/20150622/55880e7d1c54c.jpg','1434979920','1445520720'),(47,2,3,7,'【五四路】宝力豪国际健身','仅售480元！价值980元的健身10次卡1张，提供免费WiFi。跟上春天的步伐，唤醒沉睡源动力，一起来宝力豪健身吧~。',980,480,334,'Public/Uploads/20150622/55880ebb40996.jpg','1434979980','1455197580'),(48,2,3,7,'【世欧王庄】世纪星滑冰场','仅售50元！价值60元的门票1次，提供免费WiFi。',60,50,4787,'Public/Uploads/20150622/55880ef9a93b1.jpg','1434980040','1443101640'),(49,2,3,7,'【省图书馆/温泉路】泰自然','仅售138元！价值188元的中式推拿1次，男女不限，提供免费WiFi。否极泰来，享受自然~。',188,138,7542,'Public/Uploads/20150622/55880f2ec456f.jpg','1434980100','1455888900'),(50,2,3,7,'【紫阳/象园】爱丁堡尊贵养生会所','仅售108元！价值236元的爱丁堡尊贵养生会所单人养生保健套餐，提供免费自助餐+免费上网，男女皆享，节假日通用',236,108,5212,'Public/Uploads/20150622/55880f637f406.jpg','1434980160','1458740160'),(51,2,3,7,'【榕城广场/金山公交站】天悦会温泉酒店','仅售198元！价值268元的全天候足浴推拿，男女不限，提供免费WiFi。',268,198,1234,'Public/Uploads/20150622/55880f9b76447.jpg','1434980220','1460641020'),(52,2,3,7,'【万象城】冒险岛','仅售118元！价值138元的冒险岛全日门票1张，提供免费WiFi。未来战士训练营，快来体验吧！。',138,118,6644,'Public/Uploads/20150622/55880fd6ecc61.jpg','1434980280','1450877880'),(53,2,3,8,'【2件包邮】思爱爱8G U盘','仅售19.9元！价值99元的思爱爱8G U盘1件，高速闪存盘小巧车载优盘，防刮花铝合金外壳；是工作、学习的好助手！',99,20,1235,'Public/Uploads/20150622/5588104b5ce44.jpg','1434980400','1461332400'),(54,2,3,8,'【包邮】张太太发绳100件','仅售29.8元！价值69元的张太太发绳100件1套，张太太韩范头绳100件混装组合，下单可立减10元，随机赠送小礼物！',69,30,899,'Public/Uploads/20150622/5588107ad9559.jpg','1434980460','1463665260'),(55,2,3,8,'【包邮】木槿小窝条纹娃娃裙','仅售39元！价值139元的木槿小窝条纹娃娃裙1件，2色可选 新款韩版百搭蝴蝶结 显瘦条纹棉麻娃娃裙',139,39,1233,'Public/Uploads/20150622/558810abd88db.jpg','1434980460','1466084460'),(56,2,3,8,'【包邮】宫花大牌范连衣裙','仅售89元！价值498元的宫花大牌范连衣裙1件，宫花中长款高档大牌范连衣裙',498,89,467,'Public/Uploads/20150622/558810d96538f.jpg','1434980520','1452778920'),(57,2,3,8,'【3件包邮】缀好韩版水钻发夹','仅售4.8元！价值19元的缀好韩版水钻发夹1个，纯手工点钻，闪闪惹人爱，长短发通用，女生必备。',19,5,1235,'Public/Uploads/20150622/558811112f8ee.jpg','1434980580','1453470180'),(58,2,3,8,'【7店通用】源川桶装水','仅售7.9元！价值12元的源川桶装水源川山泉桶装水1桶（约18L）。每单10桶起售，鼓楼、台江、晋安区免费配送，节假日通用。',12,8,1266,'Public/Uploads/20150622/55881141351c9.jpg','1434980640','1450791840'),(59,2,3,8,'【包邮】荷叶边露肩雪纺衫','仅售39.9元！价值119元的荷叶边露肩雪纺衫1件，甜美百搭性感显瘦荷叶边露肩雪纺衫上衣',119,40,923,'Public/Uploads/20150622/558811863e9ed.jpg','1434980700','1456321500'),(60,2,3,8,'【包邮】优贝迪五角星套装','仅售39元！价值68元的优贝迪五角星套装1套，可爱笑脸/帅气五角星2款、100-140码任选，休闲时尚，帅气百搭。',68,39,123,'Public/Uploads/20150622/558811b684dff.jpg','1434980760','1450359960'),(61,2,3,8,'【包邮】开馨宝桌面迷你风扇','仅售19.9元！价值35元的开馨宝桌面迷你风扇1个，USB迷你风扇，夏日必备，清凉神器，外形美观独特，风力大，噪音小，360°仰俯角度可随意旋转，烤漆工艺，结实耐用，USB插口适用于电脑、笔记本等周边产品，操作简单方便，小巧时尚，颜色绚丽！',35,20,663,'Public/Uploads/20150622/55881223b4c95.jpg','1434980880','1450792080'),(62,2,3,8,'【包邮】毛毛雨竹纤维浴裙','仅售39.7元！价值99元的毛毛雨竹纤维浴裙1件，毛毛雨竹纤维抹胸浴裙',99,40,5442,'Public/Uploads/20150622/5588125c9460a.jpg','1434980940','1463665740'),(63,2,3,8,'【包邮】艾罗拉夏季坡跟凉鞋','仅售99元！价值328元的艾罗拉夏季坡跟凉鞋1双，选用进口PU，时尚拼色+厚底坡跟，高跟不累脚！',328,99,5672,'Public/Uploads/20150622/5588129454b3e.jpg','1434981000','1453384200'),(64,2,3,8,'【包邮】阿诗玛中老年文胸','仅售26.9元！价值49元的阿诗玛中老年文胸1件，无钢圈设计穿戴无压迫感、适合学生 孕妇 哺乳妈咪 中老年人 发育期少女',49,27,1246,'Public/Uploads/20150622/558812cb6f986.jpg','1434981060','1458654660'),(65,2,3,8,'【包邮】天知鸟修身圆领T恤','仅售28元！价值168元的天知鸟修身圆领T恤1件，精选面料，柔软舒适，个性印花，时尚潮流',168,28,486,'Public/Uploads/20150622/5588130a9f1bc.jpg','1434981120','1456408320');
/*!40000 ALTER TABLE `yy_goods` ENABLE KEYS */;
UNLOCK TABLES;

--
-- Table structure for table `yy_goods_detail`
--

DROP TABLE IF EXISTS `yy_goods_detail`;
/*!40101 SET @saved_cs_client     = @@character_set_client */;
/*!40101 SET character_set_client = utf8 */;
CREATE TABLE `yy_goods_detail` (
  `goods_id` int(10) unsigned NOT NULL AUTO_INCREMENT,
  `goods_server` varchar(50) NOT NULL,
  `detail` text NOT NULL,
  PRIMARY KEY (`goods_id`),
  UNIQUE KEY `idyy_detail_UNIQUE` (`goods_id`) USING BTREE
) ENGINE=MyISAM AUTO_INCREMENT=66 DEFAULT CHARSET=utf8 ROW_FORMAT=COMPACT;
/*!40101 SET character_set_client = @saved_cs_client */;

--
-- Dumping data for table `yy_goods_detail`
--

LOCK TABLES `yy_goods_detail` WRITE;
/*!40000 ALTER TABLE `yy_goods_detail` DISABLE KEYS */;
INSERT INTO `yy_goods_detail` VALUES (15,'a:3:{i:0;s:1:\"1\";i:1;s:1:\"2\";i:2;s:1:\"3\";}','<ul class=\" list-paddingleft-2\"><li><p>有效期</p></li><li><p>2015.6.19 至 2015.9.18（周末、法定节假日通用）</p></li><li><p>使用时间</p></li><li><p>美团券24小时可用</p></li><li><p>预约方式</p></li><li><p>无需预约，咨询请致电商家</p></li><li><p>其他</p></li><li><p>仅限一次体验完毕\r\n每张美团券限1人使用\r\n1.2米以下儿童可享受48元/人，1.2米以上儿童按成人标准收费\r\n免费提供储物柜\r\n提供免费洗浴；免费提供洗浴用品：毛巾、沐浴露、洗发水、浴袍\r\n每20小时为一次净桑消费，每超1小时收取15元（不满1小时按1小时计算），超过10小时加收一次净桑费。\r\n团购用户不可同时享受商家其他优惠\r\n免费提供500个停车位\r\n提供免费WiFi\r\n美团券密码一旦验证即代表消费成功，不可申请“随时退款”和“过期退款”，请您合理安排验证时间</p></li></ul><p><br/></p>'),(16,'a:2:{i:0;s:1:\"1\";i:1;s:1:\"3\";}','<ul class=\" list-paddingleft-2\"><li id=\"yui_3_16_0_1_1434968407592_2347\" style=\"\"><p>有效期</p></li><li style=\"\"><p>2015.6.12 至 2015.7.11（周末、法定节假日通用）</p></li><li style=\"\"><p>使用时间</p></li><li style=\"\"><p>11:00-14:00,17:00-20:30</p></li><li style=\"\"><p>预约提醒</p></li><li style=\"\"><p>无需预约，消费高峰时可能需要等位</p></li><li style=\"\"><p>限购限用提醒</p></li><li style=\"\"><p>最多可叠加使用2张\r\n不兑现、不找零</p></li><li style=\"\"><p>包间</p></li><li style=\"\"><p>可免费使用包间</p></li><li style=\"\"><p>堂食外带</p></li><li style=\"\"><p>仅限堂食，不提供餐前外带，餐毕未吃完可打包，打包费详情咨询商家</p></li><li style=\"\"><p>温馨提示</p></li><li style=\"\"><p>团购用户不可同时享受商家其他优惠\r\n酒水饮料等问题，请致电商家咨询，以商家反馈为准</p></li><li style=\"\"><p>商家服务</p></li><li style=\"\"><p>提供免费WiFi\r\n停车位收费标准：详情请咨询商家</p></li><li style=\"\"><p>发票信息</p></li><li id=\"yui_3_16_0_1_1434968407592_2354\" style=\"\"><p>本单发票由商家提供，请在消费时向商家索取</p></li></ul><p><br/></p>'),(17,'a:2:{i:0;s:1:\"2\";i:1;s:1:\"3\";}','<ul class=\" list-paddingleft-2\"><li id=\"yui_3_16_0_1_1434968519180_2216\" style=\"\"><p>有效期</p></li><li style=\"\"><p>2014.1.7 至 2015.7.5（周末、法定节假日通用）</p></li><li style=\"\"><p>使用时间</p></li><li style=\"\"><p>09:00-21:00</p></li><li style=\"\"><p>预约提醒</p></li><li style=\"\"><p>请至少提前24小时致电商家预约，数量有限</p></li><li style=\"\"><p>限购限用提醒</p></li><li style=\"\"><p>每张美团券建议5至7人使用</p></li><li style=\"\"><p>其他费用</p></li><li style=\"\"><p>不提供餐巾纸</p></li><li style=\"\"><p>包间</p></li><li style=\"\"><p>可免费使用包间</p></li><li style=\"\"><p>堂食外带</p></li><li style=\"\"><p>仅限餐前外带，提供免费打包服务</p></li><li style=\"\"><p>温馨提示</p></li><li style=\"\"><p>昆明市三环以内满10盒提供免费送货上门，请提前1天与商家联系告知送货时间。\r\n团购用户不可同时享受商家其他优惠</p></li><li style=\"\"><p>商家服务</p></li><li id=\"yui_3_16_0_1_1434968519180_2219\" style=\"\"><p>提供免费WiFi</p></li></ul><p><br/></p>'),(18,'a:1:{i:0;s:1:\"1\";}','<ul class=\" list-paddingleft-2\"><li id=\"yui_3_16_0_1_1434968584330_2175\" style=\"\"><p>有效期</p></li><li style=\"\"><p>2015.5.10 至 2015.8.9（周末、法定节假日通用）</p></li><li style=\"\"><p>使用时间</p></li><li style=\"\"><p>11:00-21:00</p></li><li style=\"\"><p>预约提醒</p></li><li style=\"\"><p>无需预约，消费高峰时可能需要等位</p></li><li style=\"\"><p>限购限用提醒</p></li><li style=\"\"><p>每桌最多使用1张美团券\r\n每张美团券建议4至5人使用</p></li><li style=\"\"><p>其他费用</p></li><li style=\"\"><p>套餐包含1份餐巾纸，如需增加，需到店另付2元/份</p></li><li style=\"\"><p>包间</p></li><li style=\"\"><p>不可使用包间</p></li><li style=\"\"><p>堂食外带</p></li><li style=\"\"><p>仅限堂食，不提供餐前外带，餐毕未吃完可打包，打包费详情咨询商家</p></li><li style=\"\"><p>温馨提示</p></li><li style=\"\"><p>团购用户不可同时享受商家其他优惠\r\n方案内人数免费提供餐具，超出人数详询商家\r\n酒水饮料等问题，请致电商家咨询，以商家反馈为准\r\n如部分菜品因时令或其他不可抗因素导致无法提供，店内会用等价菜品替换，具体事宜请与店内协商</p></li><li style=\"\"><p>商家服务</p></li><li id=\"yui_3_16_0_1_1434968584330_2182\" style=\"\"><p>提供免费WiFi\r\n停车位收费标准：免费提供停车位</p></li></ul><p><br/></p>'),(19,'a:1:{i:0;s:1:\"3\";}','<ul class=\" list-paddingleft-2\"><li id=\"yui_3_16_0_1_1434968656062_2343\" style=\"\"><p>有效期</p></li><li style=\"\"><p>2014.7.29 至 2015.7.26（周末、法定节假日通用）</p></li><li style=\"\"><p>使用时间</p></li><li style=\"\"><p>营业时间均可使用</p></li><li style=\"\"><p>预约提醒</p></li><li style=\"\"><p>电话预约，请至少提前24小时致电商家预约，预约逾期不保留</p></li><li style=\"\"><p>配送方式</p></li><li style=\"\"><p>仅限到店自提，不提供配送服务</p></li><li style=\"\"><p>温馨提示</p></li><li style=\"\"><p>团购用户不可同时享受商家其他优惠</p></li><li style=\"\"><p>商家服务</p></li><li id=\"yui_3_16_0_1_1434968656062_2346\" style=\"\"><p>提供免费WiFi</p></li></ul><p><br/></p>'),(20,'a:1:{i:0;s:1:\"1\";}','<ul class=\" list-paddingleft-2\"><li id=\"yui_3_16_0_1_1434968719436_1769\" style=\"\"><p>有效期</p></li><li style=\"\"><p>2015.6.18 至 2015.9.17（周末、法定节假日通用）</p></li><li style=\"\"><p>使用时间</p></li><li style=\"\"><p>9:30-21:00</p></li><li style=\"\"><p>预约提醒</p></li><li style=\"\"><p>无需预约，消费高峰时可能需要等位</p></li><li style=\"\"><p>限购限用提醒</p></li><li style=\"\"><p>每张美团券建议6至7人使用</p></li><li style=\"\"><p>包间</p></li><li style=\"\"><p>可免费使用包间</p></li><li style=\"\"><p>堂食外带</p></li><li style=\"\"><p>仅限堂食，不提供餐前外带，餐毕未吃完可打包，打包费详情咨询商家</p></li><li style=\"\"><p>温馨提示</p></li><li id=\"yui_3_16_0_1_1434968719436_1765\" style=\"\"><p>团购用户不可同时享受商家其他优惠\r\n方案内人数免费提供餐具，超出人数详询商家\r\n酒水饮料等问题，请致电商家咨询，以商家反馈为准\r\n如部分菜品因时令或其他不可抗因素导致无法提供，店内会用等价菜品替换，具体事宜请与店内协商</p></li><li style=\"\"><p>商家服务</p></li><li id=\"yui_3_16_0_1_1434968719436_1768\" style=\"\"><p>提供免费WiFi\r\n停车位收费标准：停车自理</p></li></ul><p><br/></p>'),(21,'a:1:{i:0;s:1:\"3\";}','<ul class=\" list-paddingleft-2\"><li id=\"yui_3_16_0_1_1434968871439_2219\" style=\"\"><p>有效期</p></li><li style=\"\"><p>2013.5.30 至 2015.7.16</p></li><li style=\"\"><p>不可用日期</p></li><li style=\"\"><p>周五至周六，晚餐（16:00-21:30）</p></li><li style=\"\"><p>使用时间</p></li><li style=\"\"><p>10:30-21:30</p></li><li style=\"\"><p>预约提醒</p></li><li style=\"\"><p>请至少提前2小时致电商家预约</p></li><li style=\"\"><p>其他优惠</p></li><li style=\"\"><p>凭美团券到店消费不可同时享受店内其他优惠</p></li><li style=\"\"><p>使用规则</p></li><li id=\"yui_3_16_0_1_1434968871439_2226\" style=\"\"><ul id=\"yui_3_16_0_1_1434968871439_2225\" style=\"padding: 0px;\" class=\" list-paddingleft-2\"><li><p>每桌限用1张美团券</p></li><li><p>本单建议2人使用</p></li><li><p>本单含餐巾纸1份，如需增加，需到店另付2元/份</p></li><li><p>仅限大厅用餐，商家无包间</p></li><li><p>仅限堂食，不提供餐前外带及餐后打包服务</p></li><li><p>酒水、饮料等问题，请致电商家咨询，以商家反馈为准</p></li></ul></li></ul><p><br/></p>'),(22,'a:1:{i:0;s:1:\"2\";}','<ul class=\" list-paddingleft-2\"><li style=\"\"><p>有效期</p></li><li style=\"\"><p>2015.5.6 至 2015.8.5（周末、法定节假日通用）</p></li><li style=\"\"><p>预约提醒</p></li><li style=\"\"><p>无需预约，消费高峰时可能需要等位</p></li><li style=\"\"><p>限购限用提醒</p></li><li style=\"\"><p>每张美团券最多1人使用，不论是否儿童均计入人数</p></li><li style=\"\"><p>温馨提示</p></li><li style=\"\"><p>店内菜单每周会有略微调整，请以店内实际供应菜单为准，给您带来的不便，敬请谅解，谢谢！\r\n团购用户不可同时享受商家其他优惠\r\n部分菜品因时令原因有所不同，请以店内当日实际供应为准</p></li><li style=\"\"><p>商家服务</p></li><li id=\"yui_3_16_0_1_1434968927822_2262\" style=\"\"><p>提供免费WiFi</p></li></ul><p><br/></p>'),(23,'a:2:{i:0;s:1:\"1\";i:1;s:1:\"2\";}','<ul class=\" list-paddingleft-2\"><li style=\"\"><p>有效期</p></li><li style=\"\"><p>2015.5.29 至 2016.5.28（周末、法定节假日通用）</p></li><li style=\"\"><p>使用时间</p></li><li style=\"\"><p>美团券24小时可用</p></li><li style=\"\"><p>预约方式</p></li><li style=\"\"><p>提前预约即可</p></li><li style=\"\"><p>入住须知</p></li><li style=\"\"><p>请于次日12点之前退房；如需提前入住或延时退房，请咨询店家\r\n入住无需交押金，需出示身份证（一人一证）\r\n每个房间限2名成人入住，身高1.4米（不含）以上算成人\r\n请不要携带宠物入住</p></li><li style=\"\"><p>发票信息</p></li><li style=\"\"><p>产品发票由酒店提供，请入住酒店时向酒店前台索取</p></li><li style=\"\"><p>使用规则</p></li><li id=\"yui_3_16_0_1_1434969063769_1634\" style=\"\"><ul id=\"yui_3_16_0_1_1434969063769_1633\" style=\"padding: 0px;\" class=\" list-paddingleft-2\"><li><p>使用多张美团券可连续入住</p></li><li><p>团购用户只能享受的优惠为美团网优惠</p></li><li><p>美团券密码一旦验证即代表消费成功，不可申请“随时退款”和“过期退款”，请您合理安排验证时间</p></li></ul></li></ul><p><br/></p>'),(24,'a:3:{i:0;s:1:\"1\";i:1;s:1:\"2\";i:2;s:1:\"3\";}','<ul class=\" list-paddingleft-2\"><li style=\"\"><p>有效期</p></li><li style=\"\"><p>2014.7.11 至 2015.6.30（周末、法定节假日通用）</p></li><li style=\"\"><p>使用时间</p></li><li style=\"\"><p>美团券24小时可用</p></li><li style=\"\"><p>预约方式</p></li><li style=\"\"><p>提前预约即可</p></li><li style=\"\"><p>入住须知</p></li><li style=\"\"><p>请在14点之后入住并于次日12点之前退房；如需提前入住或延时退房，请咨询店家\r\n入住时需交押金，并出示身份证（一人一证），押金数以商家反馈为准\r\n每个房间限2名成人入住，身高1.4米（不含）以上算成人\r\n请不要携带宠物入住</p></li><li style=\"\"><p>使用规则</p></li><li id=\"yui_3_16_0_1_1434969179884_1475\" style=\"\"><ul id=\"yui_3_16_0_1_1434969179884_1474\" style=\"padding: 0px;\" class=\" list-paddingleft-2\"><li><p>使用多张美团券可连续入住</p></li><li><p>团购用户不可同时享受商家其他优惠</p></li><li><p>美团券密码一旦验证即代表消费成功，不可申请“随时退款”和“过期退款”，请您合理安排验证时间</p></li></ul></li></ul><p><br/></p>'),(25,'a:2:{i:0;s:1:\"1\";i:1;s:1:\"2\";}','<ul class=\" list-paddingleft-2\"><li style=\"\"><p>有效期</p></li><li style=\"\"><p>2014.11.16 至 2015.7.14（周末、法定节假日通用）</p></li><li style=\"\"><p>使用时间</p></li><li style=\"\"><p>美团券24小时可用</p></li><li style=\"\"><p>预约方式</p></li><li style=\"\"><p>提前预约，预约逾期不保留，预约时需提供美团券</p></li><li style=\"\"><p>入住须知</p></li><li style=\"\"><p>请于次日13点之前退房；如需提前入住或延时退房，请咨询店家\r\n入住时需交押金，并出示身份证（一人一证），押金数以商家反馈为准\r\n每个房间限2名成人入住，身高1.4米（不含）以上算成人\r\n请不要携带宠物入住</p></li><li style=\"\"><p>发票信息</p></li><li style=\"\"><p>产品发票由酒店提供，请入住酒店时向酒店前台索取</p></li><li style=\"\"><p>使用规则</p></li><li id=\"yui_3_16_0_1_1434969257128_1626\" style=\"\"><ul id=\"yui_3_16_0_1_1434969257128_1625\" style=\"padding: 0px;\" class=\" list-paddingleft-2\"><li><p>使用多张美团券可连续入住</p></li><li><p>团购用户不可同时享受商家其他优惠</p></li><li><p>美团券密码一旦验证即代表消费成功，不可申请“随时退款”和“过期退款”，请您合理安排验证时间</p></li></ul></li></ul><p><br/></p>'),(26,'a:3:{i:0;s:1:\"1\";i:1;s:1:\"2\";i:2;s:1:\"3\";}','<ul class=\" list-paddingleft-2\"><li style=\"\"><p>有效期</p></li><li style=\"\"><p>2013.10.29 至 2015.9.27</p></li><li style=\"\"><p>不可用日期</p></li><li style=\"\"><p>2015年3月19日至3月23日，自3月4日起，周五至周日不可用</p></li><li style=\"\"><p>使用时间</p></li><li style=\"\"><p>美团券24小时可用</p></li><li style=\"\"><p>预约方式</p></li><li style=\"\"><p>电话预约，请至少提前6小时致电商家预约，预约逾期不保留</p></li><li style=\"\"><p>入住须知</p></li><li style=\"\"><p>08:00前入住需当日12:00前退房，08:00后入住需次日12:00前退房，超时退房收费标准以店内说明为准\r\n入住时需交押金，并出示身份证（一人一证），押金数以商家反馈为准\r\n每个房间限2名成人入住，身高1.2米（不含）以上算成人\r\n请不要携带宠物入住</p></li><li style=\"\"><p>使用规则</p></li><li id=\"yui_3_16_0_1_1434969410587_1840\" style=\"\"><ul id=\"yui_3_16_0_1_1434969410587_1839\" style=\"padding: 0px;\" class=\" list-paddingleft-2\"><li><p>使用多张美团券可连续入住</p></li><li><p>团购用户不可同时享受商家其他优惠</p></li><li><p>美团券密码一旦验证即代表消费成功，不可申请“随时退款”和“过期退款”，请您合理安排验证时间</p></li></ul></li></ul><p><br/></p>'),(27,'a:1:{i:0;s:1:\"3\";}','<ul class=\" list-paddingleft-2\"><li style=\"\"><p>有效期</p></li><li style=\"\"><p>2014.8.10 至 2015.7.9（周末、法定节假日通用）</p></li><li style=\"\"><p>使用时间</p></li><li style=\"\"><p>美团券24小时可用</p></li><li style=\"\"><p>预约方式</p></li><li style=\"\"><p>电话预约，请至少提前24小时致电商家预约，预约保留1小时</p></li><li style=\"\"><p>入住须知</p></li><li style=\"\"><p>请在14点之后入住并于次日12点之前退房；如需提前入住或延时退房，请咨询店家\r\n入住时需交押金200元，并出示身份证（一人一证）\r\n每个房间限2名成人入住，身高1.2米（不含）以上算成人\r\n请不要携带宠物入住</p></li><li style=\"\"><p>发票信息</p></li><li style=\"\"><p>产品发票由酒店提供，请入住酒店时向酒店前台索取</p></li><li style=\"\"><p>使用规则</p></li><li id=\"yui_3_16_0_1_1434969513375_1606\" style=\"\"><ul id=\"yui_3_16_0_1_1434969513375_1605\" style=\"padding: 0px;\" class=\" list-paddingleft-2\"><li><p>使用多张美团券可连续入住</p></li><li><p>团购用户不可同时享受商家其他优惠</p></li><li><p>美团券密码一旦验证即代表消费成功，不可申请“随时退款”和“过期退款”，请您合理安排验证时间</p></li></ul></li></ul><p><br/></p>'),(28,'a:1:{i:0;s:1:\"1\";}','<ul class=\" list-paddingleft-2\"><li style=\"\"><p>有效期</p></li><li style=\"\"><p>2014.3.16 至 2015.9.26（周末、法定节假日通用）</p></li><li style=\"\"><p>使用时间</p></li><li style=\"\"><p>00:00-23:59</p></li><li style=\"\"><p>使用方法</p></li><li style=\"\"><p>凭美团券直接消费，无需兑换实体票</p></li><li style=\"\"><p>预约提醒</p></li><li style=\"\"><p>无需预约，消费高峰可能需要排队等候</p></li><li style=\"\"><p>限购限用提醒</p></li><li style=\"\"><p>每张美团券限1人使用</p></li><li style=\"\"><p>优惠信息</p></li><li style=\"\"><p>1.2米以下儿童88元/位</p></li><li style=\"\"><p>其他说明</p></li><li style=\"\"><p>室内使用\r\n净桑门票包含：免费自助餐（免费饮品、时令生果不限量）、干湿蒸、喜马拉雅矿物盐蒸房、地热蒸房、洗漱用品、无线上网、上网阅读、户外温泉、超大多功能游泳池、美式进口器械健身房、5D动感影院、海丽观影厅、书吧、儿童沙屋、儿童娱乐区、电玩室、体感游戏、母婴专属休息室、每天人造自然雷雨表演、周五、周六360度全景观景舞台歌舞表演</p></li><li style=\"\"><p>退票说明</p></li><li style=\"\"><p>美团券密码一旦验证即代表消费成功，不可申请“随时退款”和“过期退款”，请您合理安排验证时间</p></li><li style=\"\"><p>温馨提示</p></li><li id=\"yui_3_16_0_1_1434978585248_2257\" style=\"\"><p>温馨提示：\r\n温馨提示：凡周五入场或周一上午8点半前入场的均按照门店原价258元/位，团购价188元/位收取；\r\n每20小时为一次净桑消费，每超1小时收取15元（不满1小时按1小时计算），超过10小时加收一次净桑费\r\n为了消费者的健康，不建议皮肤病和心脏病患者体验</p></li></ul><p><br/></p>'),(29,'a:1:{i:0;s:1:\"2\";}','<ul class=\" list-paddingleft-2\"><li id=\"yui_3_16_0_1_1434978745684_2125\" style=\"\"><p>有效期</p></li><li style=\"\"><p>2015.2.15 至 2015.10.27（周末、法定节假日通用）</p></li><li style=\"\"><p>使用时间</p></li><li style=\"\"><p>10:00-24:00</p></li><li style=\"\"><p>使用方法</p></li><li style=\"\"><p>凭美团券直接消费，无需兑换实体票</p></li><li style=\"\"><p>预约提醒</p></li><li style=\"\"><p>请至少提前24小时拨打商家电话进行预约</p></li><li style=\"\"><p>限购限用提醒</p></li><li style=\"\"><p>每张美团券限1人使用</p></li><li style=\"\"><p>其他说明</p></li><li style=\"\"><p>室外使用</p></li><li style=\"\"><p>退票说明</p></li><li style=\"\"><p>美团券密码一旦验证即代表消费成功，不可申请“随时退款”和“过期退款”，请您合理安排验证时间</p></li><li style=\"\"><p>温馨提示</p></li><li id=\"yui_3_16_0_1_1434978745684_2122\" style=\"\"><p>温泉水疗大馆\r\n户外坡地65个泡池无限畅泡，六组进口大型水乐设备\r\n室内水疗游泳池等\r\n三楼提供免费休息位、免费水果、饮料、免费网上冲浪、桌游、电影院</p></li></ul><p><br/></p>'),(30,'a:1:{i:0;s:1:\"2\";}','<ul class=\" list-paddingleft-2\"><li id=\"yui_3_16_0_1_1434978818530_2242\" style=\"\"><p>有效期</p></li><li style=\"\"><p>2015.4.30 至 2015.10.15（周末、法定节假日通用）</p></li><li style=\"\"><p>使用时间</p></li><li style=\"\"><p>10:00-18:00</p></li><li style=\"\"><p>使用方法</p></li><li style=\"\"><p>凭美团券直接消费，无需兑换实体票</p></li><li style=\"\"><p>预约提醒</p></li><li style=\"\"><p>无需预约，消费高峰可能需要排队等候</p></li><li style=\"\"><p>限购限用提醒</p></li><li style=\"\"><p>每张美团券限1人使用</p></li><li style=\"\"><p>优惠信息</p></li><li style=\"\"><p>1.19米以下儿童可享受免票优惠\r\n70岁以上老人持老年证/身份证可享受出示本人身份证免票优惠</p></li><li style=\"\"><p>其他说明</p></li><li style=\"\"><p>室外使用</p></li><li style=\"\"><p>退票说明</p></li><li style=\"\"><p>美团券密码一旦验证即代表消费成功，不可申请“随时退款”和“过期退款”，请您合理安排验证时间</p></li><li style=\"\"><p>温馨提示</p></li><li id=\"yui_3_16_0_1_1434978818530_2239\" style=\"\"><p>门票入园当天一次有效,如出园需再次入园,要重新购票\r\n门票说明:一票通玩制(不含园内商店消费,储物等,同时水世界园区必须穿着泳衣,拖鞋才可入园,浴巾,沐浴露等洗浴产品需自带)\r\n特殊人群可享受免票政策，必须有监护能力的成人陪同方可入园\r\n储物柜收费信息:普通收费20元、押金30元，贵重30元，押金20元</p></li></ul><p><br/></p>'),(31,'N;','<ul class=\" list-paddingleft-2\"><li id=\"yui_3_16_0_1_1434978869931_2084\" style=\"\"><p>有效期</p></li><li style=\"\"><p>2014.9.29 至 2015.7.26（周末、法定节假日通用）</p></li><li style=\"\"><p>使用时间</p></li><li style=\"\"><p>夏季8:00-16:30 冬季8:00-16:00（周末8:30-17:00）</p></li><li style=\"\"><p>使用方法</p></li><li style=\"\"><p>凭美团券直接消费，无需兑换实体票</p></li><li style=\"\"><p>预约提醒</p></li><li style=\"\"><p>预约方式有：<br/>1.请至少提前24小时拨打0591-88885818、85550596进行预约；<br/>2.预约时间：9:00-18:00，致电预约时需提供团购券验证码，姓名，联系方式；&lt;br</p>&lt;=&quot;&quot; dd=&quot;&quot;&gt;<!--=\"\"--></li><li style=\"\"><p>限购限用提醒</p></li><li style=\"\"><p>每张美团券限1人使用</p></li><li style=\"\"><p>优惠信息</p></li><li style=\"\"><p>1.1米以下儿童可享受免票优惠\r\n残疾人//军人可享受优惠，具体优惠详情请联系商家</p></li><li style=\"\"><p>其他说明</p></li><li style=\"\"><p>室外使用\r\nA、免费政策：记者（凭有效身份证件）（以上免费、优惠政策只针对大门票）\r\nB、优惠政策：a.1.2≤身高＜1.4米儿童（不含1米5）可购买半价儿童票\r\nb.老人55周岁以上，凭有效证件购买老人票\r\nc.学生16周岁以下，凭有效证件购买学生票”\r\n景区门票包括：高山花海梯田景区、天池景区、七彩瀑谷景区、红河谷景区及翡翠谷景区五个风景区\r\n购买此美团券需凭学生证取票</p></li><li style=\"\"><p>退票说明</p></li><li style=\"\"><p>美团券密码一旦验证即代表消费成功，不可申请“随时退款”和“过期退款”，请您合理安排验证时间</p></li><li style=\"\"><p>温馨提示</p></li><li id=\"yui_3_16_0_1_1434978869931_2081\" style=\"\"><p>景区营业时间：夏季8:00-16:30 冬季8:00-16:00（周末8:30-17:00）\r\n游览期间多为步行，建议着舒适、运动装备前往景区；景区景点较多且分散，建议出游当天9:00前到达景区\r\n交通指南：\r\n从福州出发，过尤溪洲大桥，进入福湾路，再转入湾边大桥。下了大桥后，走203省道至塘前镇（千江月休闲农场入口）左转上桥驶入175县道，行至濑底后右转驶入174县道，经大洋乡上221县道，抵达凤际村路口后上202省道，行至永泰莆田交界处右拐上青云山山顶，即可进入中国云顶旅游区。\r\n\r\n永泰到云顶的客运班车已开通，单程价格为10元/人，具体发车时间表如下：\r\n永泰-云顶：8:00 &nbsp;11:00 &nbsp;15:00\r\n云顶-永泰：9:30 &nbsp;12:30 &nbsp;17:00\r\n福州西站、福州北站、宝龙车站 都有到永泰的班车。另，福州到永泰班车单程价格为：26元/人（走高速），22元/人（走省道）\r\n本单包含大门票</p></li></ul><p><br/></p>'),(32,'N;','<ul class=\" list-paddingleft-2\"><li style=\"\"><p>有效期</p></li><li style=\"\"><p>2015.4.30 至 2015.7.8（周末、法定节假日通用）</p></li><li style=\"\"><p>使用时间</p></li><li style=\"\"><p>10:00-24:00</p></li><li style=\"\"><p>预约方式</p></li><li style=\"\"><p>无需预约，消费高峰时可能需要等位</p></li><li style=\"\"><p>其他</p></li><li id=\"yui_3_16_0_1_1434978946531_2432\" style=\"\"><p>提供免费WiFi\r\n团购用户不可同时享受商家其他优惠</p></li></ul><p><br/></p>'),(33,'N;','<ul class=\" list-paddingleft-2\"><li><p>有效期</p></li><li><p>2015.1.19 至 2015.6.30（周末、法定节假日通用）</p></li><li><p>使用时间</p></li><li><p>10:00-24:00</p></li><li><p>预约提醒</p></li><li><p>无需预约，消费高峰时可能需要等位</p></li><li><p>选座方式</p></li><li><p>现场选座，情侣座/VIP厅观影/见面会/首映式不可用</p></li><li><p>限购限用提醒</p></li><li><p>每张美团券仅限兑换观影当日电影票</p></li><li><p>3D眼镜</p></li><li><p>免费提供3D眼镜，无需押金</p></li><li><p>温馨提示</p></li><li><p>1.3M（不含）以下儿童在成人陪同下可免费观看电影（含3D），且每位家长限带1名免票儿童，无座位，儿童观看特殊影厅（如VIP厅、IMAX厅等）需使用美团券或购票\r\n团购用户不可同时享受商家其他优惠\r\n如遇动画片/儿童影片，优惠详情请咨询商家店面\r\n到店另付30元可升级成IMAX电影票一张\r\n团购用户不可同时享受商家其他优惠\r\n如遇动画片/儿童影片，优惠详情请咨询商家店面</p></li><li><p>限价片条款</p></li><li><p><span class=\"acronym\" style=\"cursor: help;\"> 限价片 <span title=\" 限价片是指影片发行方或相关部门对于某些热门电影设置了最低票价，任何渠道的售价都不得低于某一个数字。\" style=\"vertical-align: text-top; display: inline-block; background-color: rgb(43, 184, 170); color: rgb(255, 255, 255); width: 12px; height: 12px; font-size: 10px; text-align: center; line-height: 12px; border-top-left-radius: 10px; border-top-right-radius: 10px; border-bottom-right-radius: 10px; border-bottom-left-radius: 10px; cursor: help;\">1</span></span> 补差价规则以影院公告为准</p></li><ul class=\"acronym-box list-paddingleft-2\" style=\"list-style-type: square;\"><label style=\"display: inline-block; background-color: rgb(43, 184, 170); color: rgb(255, 255, 255); width: 12px; height: 12px; font-size: 10px; text-align: center; line-height: 12px; border-top-left-radius: 10px; border-top-right-radius: 10px; border-bottom-right-radius: 10px; border-bottom-left-radius: 10px; cursor: text; position: absolute; left: 0px; top: 4px;\">1</label><strong> 限价片： </strong><li><p>限价片是指影片发行方或相关部门对于某些热门电影设置了最低票价，任何渠道的售价都不得低于某一个数字。</p></li><li><p><br/></p></li></ul><ul class=\" list-paddingleft-2\" style=\"list-style-type: square;\"></ul><li><p>商家服务</p></li></ul><p><br/></p>'),(34,'N;','<ul class=\" list-paddingleft-2\"><li style=\"\"><p>有效期</p></li><li style=\"\"><p>2014.12.19 至 2015.9.14（周末、法定节假日通用）</p></li><li style=\"\"><p>使用时间</p></li><li style=\"\"><p>美团券24小时可用</p></li><li style=\"\"><p>预约方式</p></li><li style=\"\"><p>无需预约，消费高峰时可能需要等位</p></li><li style=\"\"><p>其他</p></li><li id=\"yui_3_16_0_1_1434979106424_2161\" style=\"\"><p>在有效期内到小食部兑换套餐一份， 套餐一份的有效期同美团券有效期一致\r\n团购用户可以享受店内其他所有优惠</p></li></ul><p><br/></p>'),(35,'a:3:{i:0;s:1:\"1\";i:1;s:1:\"2\";i:2;s:1:\"3\";}','<ul class=\" list-paddingleft-2\"><li style=\"\"><p>有效期</p></li><li style=\"\"><p>2015.5.7 至 2015.6.30（周末、法定节假日通用）</p></li><li style=\"\"><p>使用时间</p></li><li style=\"\"><p>10:00-22:30</p></li><li style=\"\"><p>预约提醒</p></li><li style=\"\"><p>无需预约，消费高峰时可能需要等位</p></li><li style=\"\"><p>选座方式</p></li><li style=\"\"><p>现场选座，VIP厅观影/见面会/情侣座/首映式不可用</p></li><li style=\"\"><p>限购限用提醒</p></li><li style=\"\"><p>每张美团券仅限兑换观影当日电影票</p></li><li style=\"\"><p>3D眼镜</p></li><li style=\"\"><p>免费提供3D眼镜，需付押金10元/副</p></li><li style=\"\"><p>温馨提示</p></li><li style=\"\"><p>33元电影通兑套餐（1张电影票+1瓶迷你装可口可乐/雪碧）\r\n团购用户不可同时享受商家其他优惠\r\n如遇动画片/儿童影片，优惠详情请咨询商家店面</p></li><li style=\"\"><p>限价片条款</p></li><li style=\"\"><p><span class=\"acronym\" style=\"cursor: help;\"> 限价片 <span title=\" 限价片是指影片发行方或相关部门对于某些热门电影设置了最低票价，任何渠道的售价都不得低于某一个数字。\" style=\"vertical-align: text-top; display: inline-block; background-color: rgb(43, 184, 170); color: rgb(255, 255, 255); width: 12px; height: 12px; font-size: 10px; text-align: center; line-height: 12px; border-top-left-radius: 10px; border-top-right-radius: 10px; border-bottom-right-radius: 10px; border-bottom-left-radius: 10px; cursor: help;\">1</span></span> 补差价规则以影院公告为准</p><ul class=\" list-paddingleft-2\"><li><p><br/></p></li><ul class=\"acronym-box list-paddingleft-2\" style=\"list-style-type: square;\"><label style=\"display: inline-block; background-color: rgb(43, 184, 170); color: rgb(255, 255, 255); width: 12px; height: 12px; font-size: 10px; text-align: center; line-height: 12px; border-top-left-radius: 10px; border-top-right-radius: 10px; border-bottom-right-radius: 10px; border-bottom-left-radius: 10px; cursor: text; position: absolute; left: 0px; top: 4px;\">1</label><strong> 限价片： </strong><li><p>限价片是指影片发行方或相关部门对于某些热门电影设置了最低票价，任何渠道的售价都不得低于某一个数字。</p></li></ul></ul></li><li style=\"\"><p>商家服务</p></li><li id=\"yui_3_16_0_1_1434979158093_2210\" style=\"\"><p>提供免费WiFi</p></li></ul><p><br/></p>'),(36,'a:2:{i:0;s:1:\"1\";i:1;s:1:\"2\";}','<ul class=\" list-paddingleft-2\"><li style=\"\"><p>有效期</p></li><li style=\"\"><p>2014.6.27 至 2015.8.31（周末、法定节假日通用）</p></li><li style=\"\"><p>使用时间</p></li><li style=\"\"><p>09:00-23:00</p></li><li style=\"\"><p>预约提醒</p></li><li style=\"\"><p>无需预约，消费高峰时可能需要等位</p></li><li style=\"\"><p>选座方式</p></li><li style=\"\"><p>现场选座，首映式/VIP厅观影/见面会/情侣座不可用</p></li><li style=\"\"><p>限购限用提醒</p></li><li style=\"\"><p>每张美团券仅限兑换观影当日电影票</p></li><li style=\"\"><p>3D眼镜</p></li><li style=\"\"><p>免费提供3D眼镜，需付押金10元/副</p></li><li style=\"\"><p>温馨提示</p></li><li style=\"\"><p>团购用户不可同时享受商家其他优惠\r\n如遇动画片/儿童影片，优惠详情请咨询商家店面</p></li><li style=\"\"><p>限价片条款</p></li><li style=\"\"><p><span class=\"acronym\" style=\"cursor: help;\"> 限价片 <span title=\" 限价片是指影片发行方或相关部门对于某些热门电影设置了最低票价，任何渠道的售价都不得低于某一个数字。\" style=\"vertical-align: text-top; display: inline-block; background-color: rgb(43, 184, 170); color: rgb(255, 255, 255); width: 12px; height: 12px; font-size: 10px; text-align: center; line-height: 12px; border-top-left-radius: 10px; border-top-right-radius: 10px; border-bottom-right-radius: 10px; border-bottom-left-radius: 10px; cursor: help;\">1</span></span> 补差价规则以影院公告为准</p><ul class=\" list-paddingleft-2\"><li><p><br/></p></li><ul class=\"acronym-box list-paddingleft-2\" style=\"list-style-type: square;\"><label style=\"display: inline-block; background-color: rgb(43, 184, 170); color: rgb(255, 255, 255); width: 12px; height: 12px; font-size: 10px; text-align: center; line-height: 12px; border-top-left-radius: 10px; border-top-right-radius: 10px; border-bottom-right-radius: 10px; border-bottom-left-radius: 10px; cursor: text; position: absolute; left: 0px; top: 4px;\">1</label><strong> 限价片： </strong><li><p>限价片是指影片发行方或相关部门对于某些热门电影设置了最低票价，任何渠道的售价都不得低于某一个数字。</p></li></ul></ul></li><li style=\"\"><p>商家服务</p></li><li id=\"yui_3_16_0_1_1434979218800_2232\" style=\"\"><p>提供免费WiFi</p></li></ul><p><br/></p>'),(37,'a:2:{i:0;s:1:\"1\";i:1;s:1:\"2\";}','<ul class=\" list-paddingleft-2\"><li style=\"\"><p>有效期</p></li><li style=\"\"><p>2015.2.2 至 2015.7.8（周末、法定节假日通用）</p></li><li style=\"\"><p>使用时间</p></li><li style=\"\"><p>周一至周五18:00前场次（不含18:00）；周末和端午节（6.20-6.22）14:00前（不含14:00）的场次</p></li><li style=\"\"><p>预约提醒</p></li><li style=\"\"><p>无需预约，消费高峰时可能需要等位</p></li><li style=\"\"><p>选座方式</p></li><li style=\"\"><p>现场选座，VIP厅观影/见面会/首映式/情侣座不可用</p></li><li style=\"\"><p>限购限用提醒</p></li><li style=\"\"><p>每张美团券可兑换2天内电影票</p></li><li style=\"\"><p>3D眼镜</p></li><li style=\"\"><p>免费提供3D眼镜，无需押金</p></li><li style=\"\"><p>温馨提示</p></li><li style=\"\"><p>兑换2015年6月20、21、22日电影票需另付10元/张。\r\n遇限价片需补足差价；\r\n团购用户不可同时享受商家其他优惠\r\n如遇动画片/儿童影片，优惠详情请咨询商家店面</p></li><li style=\"\"><p>限价片条款</p></li><li style=\"\"><p><span class=\"acronym\" style=\"cursor: help;\"> 限价片 <span title=\" 限价片是指影片发行方或相关部门对于某些热门电影设置了最低票价，任何渠道的售价都不得低于某一个数字。\" style=\"vertical-align: text-top; display: inline-block; background-color: rgb(43, 184, 170); color: rgb(255, 255, 255); width: 12px; height: 12px; font-size: 10px; text-align: center; line-height: 12px; border-top-left-radius: 10px; border-top-right-radius: 10px; border-bottom-right-radius: 10px; border-bottom-left-radius: 10px; cursor: help;\">1</span></span> 补差价规则以影院公告为准</p><ul class=\" list-paddingleft-2\"><li><p><br/></p></li><ul class=\"acronym-box list-paddingleft-2\" style=\"list-style-type: square;\"><label style=\"display: inline-block; background-color: rgb(43, 184, 170); color: rgb(255, 255, 255); width: 12px; height: 12px; font-size: 10px; text-align: center; line-height: 12px; border-top-left-radius: 10px; border-top-right-radius: 10px; border-bottom-right-radius: 10px; border-bottom-left-radius: 10px; cursor: text; position: absolute; left: 0px; top: 4px;\">1</label><strong> 限价片： </strong><li><p>限价片是指影片发行方或相关部门对于某些热门电影设置了最低票价，任何渠道的售价都不得低于某一个数字。</p></li></ul></ul></li><li style=\"\"><p>商家服务</p></li><li id=\"yui_3_16_0_1_1434979275210_2293\" style=\"\"><p>提供免费WiFi\r\n停车位收费标准：商家无提供免费停车位，停车收费标准根据商场物业公布为准</p></li></ul><p><br/></p>'),(38,'a:3:{i:0;s:1:\"1\";i:1;s:1:\"2\";i:2;s:1:\"3\";}','<ul class=\" list-paddingleft-2\"><li style=\"\"><p>有效期</p></li><li style=\"\"><p>2013.6.26 至 2015.7.10</p></li><li style=\"\"><p>不可用日期</p></li><li style=\"\"><p>周六至周日</p></li><li style=\"\"><p>使用时间</p></li><li style=\"\"><p>11:30-18:30</p></li><li style=\"\"><p>预约提醒</p></li><li style=\"\"><p>请至少提前1天致电商家预约</p></li><li style=\"\"><p>其他优惠</p></li><li style=\"\"><p>凭美团券到店消费不可同时享受店内其他优惠</p></li><li style=\"\"><p>验证提醒</p></li><li style=\"\"><p>美团券密码一旦验证即代表消费成功，不可申请“随时退款”和“过期退款”，请您合理安排验证时间</p></li><li style=\"\"><p>使用规则</p></li><li id=\"yui_3_16_0_1_1434979349855_2078\" style=\"\"><ul style=\"padding: 0px;\" class=\" list-paddingleft-2\"><li><p>同时段内，不可使用多张美团券连续唱</p></li><li><p>商家根据实际到店人数提供包厢，小包3-6人，中包6-8人，豪中8-10，大包10-12人，豪大12-16人，VIP包12-16人</p></li><li><p>超时欢唱需按店内标准付费</p></li></ul></li></ul><p><br/></p>'),(39,'a:2:{i:0;s:1:\"1\";i:1;s:1:\"2\";}','<ul class=\" list-paddingleft-2\"><li style=\"\"><p>有效期</p></li><li style=\"\"><p>2013.11.5 至 2015.7.28</p></li><li style=\"\"><p>不可用日期</p></li><li style=\"\"><p>2月14日白场团购按周末标准使用，2月14日19:00后的晚场团购不可用，2月18日-2月24日，3月5日团购按周末标准使用。</p></li><li style=\"\"><p>使用时间</p></li><li style=\"\"><p>11:00-18:00，23:00-次日02:00</p></li><li style=\"\"><p>预约提醒</p></li><li style=\"\"><p>请至少提前1小时致电预约，预约时间为11:00-02:00</p></li><li style=\"\"><p>其他优惠</p></li><li style=\"\"><p>凭美团券到店消费不可同时享受店内其他优惠</p></li><li style=\"\"><p>验证提醒</p></li><li style=\"\"><p>美团券密码一旦验证即代表消费成功，不可申请“随时退款”和“过期退款”，请您合理安排验证时间</p></li><li style=\"\"><p>使用规则</p></li><li id=\"yui_3_16_0_1_1434979402325_2044\" style=\"\"><ul id=\"yui_3_16_0_1_1434979402325_2043\" style=\"padding: 0px;\" class=\" list-paddingleft-2\"><li><p>4月30日晚场（22：30-次日02：00）不可使用，5月1日至5月3日，5月31至6月2日按周末使用</p></li><li><p>同时段内，不可使用多张美团券连续唱				\r\n</p></li><li><p>商家根据到店人数安排包厢：豪华小包（2-6人）、豪华中包（6-10人），酒吧中包（8-12人），酒吧大包（10-15人），VIP包厢15-20人</p></li><li><p>超时欢唱需按店内标准付费</p></li></ul></li></ul><p><br/></p>'),(40,'a:2:{i:0;s:1:\"1\";i:1;s:1:\"2\";}','<ul class=\" list-paddingleft-2\"><li><p>有效期</p></li><li><p>2014.1.28 至 2015.7.31</p></li><li><p>不可用日期</p></li><li><p>2015年5月1日至5月3日，8月20日情人节、9月27日中秋节、9月30日至10月3日国庆节、11月1日万圣节、11月11日光棍节、12月24日、25日午夜场23:00-次日02:00不可使用美团券，白场正常使用</p></li><li><p>预约提醒</p></li><li><p>电话预约，请至少提前2小时致电商家预约，预约逾期不保留</p></li><li><p>限购限用提醒</p></li><li><p>同时段内，不可使用多张美团券连续欢唱</p></li><li><p>是否收取开机费</p></li><li><p>本单无开机费</p></li><li><p>包厢选择</p></li><li><p>由店家根据实际人数安排包厢</p></li><li><p>温馨提示</p></li><li><p>8月20日情人节、9月27日中秋节、9月30日至10月3日国庆节、11月1日万圣节、11月11日光棍节、12月24日、25日晚场时段均不可使用美团券\r\n团购用户不可同时享受商家其他优惠\r\n美团券密码一旦验证即代表消费成功，不可申请“随时退款”和“过期退款”，请您合理安排验证时间</p></li><li><p>商家服务</p></li><li><p>提供免费WiFi\r\n停车位收费标准：停车位问题请详询商家。</p></li></ul><p><br/></p>'),(41,'a:2:{i:0;s:1:\"1\";i:1;s:1:\"2\";}','<ul class=\" list-paddingleft-2\"><li style=\"\"><p>有效期</p></li><li style=\"\"><p>2014.7.23 至 2015.7.27</p></li><li style=\"\"><p>不可用日期</p></li><li style=\"\"><p>2014年8月2日，2014.12.24至25需叠加两张美团券方可使用且只保留15分钟 &nbsp;2014.12.31日不可使用本券 &nbsp;2014.12.31日不可使用本券；2015.02.19至23使用方式同周末且只保留15分钟，2015.02.14日不能使用本券，2015.05.01-2015.05.03使用方法同周六</p></li><li style=\"\"><p>预约提醒</p></li><li style=\"\"><p>电话预约，请至少提前2小时致电商家预约，预约保留15分钟</p></li><li style=\"\"><p>限购限用提醒</p></li><li style=\"\"><p>同时段内，不可使用多张美团券连续欢唱</p></li><li style=\"\"><p>是否收取开机费</p></li><li style=\"\"><p>本单无开机费</p></li><li style=\"\"><p>包厢选择</p></li><li style=\"\"><p>由店家根据实际人数安排包厢</p></li><li style=\"\"><p>温馨提示</p></li><li style=\"\"><p>团购用户不可同时享受商家其他优惠\r\n美团券密码一旦验证即代表消费成功，不可申请“随时退款”和“过期退款”，请您合理安排验证时间</p></li><li style=\"\"><p>商家服务</p></li><li id=\"yui_3_16_0_1_1434979509454_2220\" style=\"\"><p>提供免费WiFi</p></li></ul><p><br/></p>'),(42,'a:2:{i:0;s:1:\"1\";i:1;s:1:\"2\";}','<ul class=\" list-paddingleft-2\"><li style=\"\"><p>有效期</p></li><li style=\"\"><p>2014.8.1 至 2015.7.28</p></li><li style=\"\"><p>不可用日期</p></li><li style=\"\"><p>2015年6月20日至6月22日</p></li><li style=\"\"><p>使用时间</p></li><li style=\"\"><p>11：00-18:00</p></li><li style=\"\"><p>预约提醒</p></li><li style=\"\"><p>请至少提前24小时致电预约</p></li><li style=\"\"><p>其他优惠</p></li><li style=\"\"><p>凭美团券到店消费不可同时享受店内其他优惠</p></li><li style=\"\"><p>验证提醒</p></li><li style=\"\"><p>美团券密码一旦验证即代表消费成功，不可申请“随时退款”和“过期退款”，请您合理安排验证时间</p></li><li style=\"\"><p>使用规则</p></li><li id=\"yui_3_16_0_1_1434979581854_2146\" style=\"\"><ul id=\"yui_3_16_0_1_1434979581854_2145\" style=\"padding: 0px;\" class=\" list-paddingleft-2\"><li><p>2月18--25日团购按周末使用规则</p></li></ul></li></ul><p><br/></p>'),(43,'N;','<ul class=\" list-paddingleft-2\"><li style=\"\"><p>有效期</p></li><li style=\"\"><p>2015.1.29 至 2016.1.28（周末、法定节假日通用）</p></li><li style=\"\"><p>预约提醒</p></li><li style=\"\"><p>周六、周日需提前24小时预约</p></li><li style=\"\"><p>限购限用提醒</p></li><li style=\"\"><p>同时段内，不可使用多张美团券连续欢唱</p></li><li style=\"\"><p>是否收取开机费</p></li><li style=\"\"><p>本单无开机费</p></li><li style=\"\"><p>包厢选择</p></li><li style=\"\"><p>用户自行选择包厢</p></li><li style=\"\"><p>温馨提示</p></li><li style=\"\"><p>周六、周日到店需另加10元\r\n团购用户不可同时享受商家其他优惠\r\n美团券密码一旦验证即代表消费成功，不可申请“随时退款”和“过期退款”，请您合理安排验证时间</p></li><li style=\"\"><p>商家服务</p></li><li id=\"yui_3_16_0_1_1434979708494_2228\" style=\"\"><p>提供免费WiFi\r\n免费提供10个停车位</p></li></ul><p><br/></p>'),(44,'a:2:{i:0;s:1:\"1\";i:1;s:1:\"2\";}','<ul class=\" list-paddingleft-2\"><li style=\"\"><p>有效期</p></li><li style=\"\"><p>2014.7.2 至 2015.7.27（周末、法定节假日通用）</p></li><li style=\"\"><p>预约提醒</p></li><li style=\"\"><p>电话预约，请至少提前24小时致电商家预约，预约保留15分钟</p></li><li style=\"\"><p>限购限用提醒</p></li><li style=\"\"><p>每包厢最多使用1张美团券\r\n同时段内，不可使用多张美团券连续欢唱</p></li><li style=\"\"><p>是否收取开机费</p></li><li style=\"\"><p>本单无开机费</p></li><li style=\"\"><p>包厢选择</p></li><li style=\"\"><p>由店家根据实际人数安排包厢</p></li><li style=\"\"><p>温馨提示</p></li><li style=\"\"><p>团购用户不可同时享受商家其他优惠\r\n美团券密码一旦验证即代表消费成功，不可申请“随时退款”和“过期退款”，请您合理安排验证时间</p></li><li style=\"\"><p>商家服务</p></li><li id=\"yui_3_16_0_1_1434979758508_2209\" style=\"\"><p>提供免费WiFi</p></li></ul><p><br/></p>'),(45,'a:1:{i:0;s:1:\"1\";}','<ul class=\" list-paddingleft-2\"><li style=\"\"><p>有效期</p></li><li style=\"\"><p>2015.6.12 至 2016.6.11（周末、法定节假日通用）</p></li><li style=\"\"><p>使用时间</p></li><li style=\"\"><p>10:00-22:00</p></li><li style=\"\"><p>预约方式</p></li><li style=\"\"><p>无需预约，消费高峰时可能需要等位</p></li><li style=\"\"><p>其他</p></li><li id=\"yui_3_16_0_1_1434979866700_2015\" style=\"\"><p>仅限一次体验完毕\r\n本单限年龄5岁（含）至70岁（含）的人群体验\r\n免费提供储物柜\r\n提供免费洗浴\r\n1、全年卡使用规则：凭美团券到店兑换全年卡\r\n2、为共同维护水质清洁，入场需配戴泳帽、泳镜。\r\n3、提供免费洗浴，洗漱用品和毛巾不提供，需自带。\r\n4、本馆更衣室更衣柜仅限于存放衣物及游泳用品，贵重物品请在柜台寄存，敬请遵守更衣柜使用规则。\r\n5、为了您的安全，泳客游泳期间需遵守游泳秩序，听从场地救生员及工作人员的指导；游客要加强自我保护意识，入池前先看清深水区、浅水区、严禁跳水等安全指示标志；严禁潜水，以防头部被蹬踹而引起的溺水事故；老人和小孩游泳应有家属或监护人全程监护。\r\n停车位收费标准：详情请咨询商家\r\n提供免费WiFi\r\n团购用户不可同时享受商家其他优惠</p></li></ul><p><br/></p>'),(46,'a:1:{i:0;s:1:\"3\";}','<ul class=\" list-paddingleft-2\"><li id=\"yui_3_16_0_1_1434979922691_2246\" style=\"\"><p>有效期</p></li><li style=\"\"><p>2014.8.29 至 2015.7.27（周末、法定节假日通用）</p></li><li style=\"\"><p>使用时间</p></li><li style=\"\"><p>美团券24小时可用</p></li><li style=\"\"><p>预约方式</p></li><li style=\"\"><p>无需预约，咨询请致电商家</p></li><li style=\"\"><p>其他</p></li><li id=\"yui_3_16_0_1_1434979922691_2249\" style=\"\"><p>每人限用1张美团券\r\n仅限一次体验完毕\r\n每张美团券限1人使用\r\n提供免费洗浴\r\n套餐可享最长休息12小时（超过时间将收费15元/小时）+熟食、饮品、水果、小吃等无限量自助（供餐时间：11:30-13:30，17:30-19:30，21:30-次日02:30）+极速网吧+豪华棋牌室\r\n到店请先出示美团券\r\n团购用户不可同时享受商家其他优惠\r\n免费提供100个停车位\r\n提供免费WiFi</p></li></ul><p><br/></p>'),(47,'a:3:{i:0;s:1:\"1\";i:1;s:1:\"2\";i:2;s:1:\"3\";}','<ul class=\" list-paddingleft-2\"><li style=\"\"><p>有效期</p></li><li style=\"\"><p>2015.4.3 至 2015.7.31（周末、法定节假日通用）</p></li><li style=\"\"><p>使用时间</p></li><li style=\"\"><p>10:00-22:00</p></li><li style=\"\"><p>预约方式</p></li><li style=\"\"><p>无需预约，消费高峰时可能需要等位</p></li><li style=\"\"><p>其他</p></li><li id=\"yui_3_16_0_1_1434979986131_2192\" style=\"\"><p>在有效期内到商家店内兑换健身卡， 健身卡的有效期自兑换之日起1个月\r\n分10次体验完毕\r\n免费提供储物柜\r\n配有免费运动器材：跑步机、投篮区、动感单车、力量器械、塑型器械、椭圆机、室内恒温泳池、操课房等\r\n提供免费洗浴\r\n提供免费WiFi\r\n团购用户不可同时享受商家其他优惠</p></li></ul><p><br/></p>'),(48,'a:1:{i:0;s:1:\"1\";}','<ul class=\" list-paddingleft-2\"><li style=\"\"><p>有效期</p></li><li style=\"\"><p>2015.3.9 至 2015.7.8</p></li><li style=\"\"><p>不可用日期</p></li><li style=\"\"><p>2015年5月1日至5月3日、6月20日至6月22日、9月26日至9月27日、10月1日至10月7日、周六至周日，重大体育赛事日无法接待</p></li><li style=\"\"><p>使用时间</p></li><li style=\"\"><p>10:30-17:00</p></li><li style=\"\"><p>预约方式</p></li><li style=\"\"><p>无需预约，消费高峰时可能需要等位</p></li><li style=\"\"><p>其他</p></li><li id=\"yui_3_16_0_1_1434980041675_2206\" style=\"\"><p>在有效期内到前台兑换门票， 门票的有效期同美团券有效期一致\r\n仅限一次体验完毕\r\n免费提供储物柜\r\n配有免费运动器材：已包含公用装备（冰鞋、护具）\r\n停车位收费标准：详情请咨询王庄世欧广场\r\n提供免费WiFi\r\n团购用户不可同时享受商家其他优惠</p></li></ul><p><br/></p>'),(49,'a:3:{i:0;s:1:\"1\";i:1;s:1:\"2\";i:2;s:1:\"3\";}','<ul class=\" list-paddingleft-2\"><li style=\"\"><p>有效期</p></li><li style=\"\"><p>2015.4.10 至 2016.4.9（周末、法定节假日通用）</p></li><li style=\"\"><p>使用时间</p></li><li style=\"\"><p>10：00进场-18：00需离场</p></li><li style=\"\"><p>预约方式</p></li><li style=\"\"><p>无需预约，咨询请致电商家</p></li><li style=\"\"><p>其他</p></li><li id=\"yui_3_16_0_1_1434980100491_2133\" style=\"\"><p>仅限一次体验完毕\r\n每张美团券限1人使用\r\n提供免费洗浴\r\n团购用户不可同时享受商家其他优惠\r\n停车位收费标准：提供免费停车位\r\n提供免费WiFi</p></li></ul><p><br/></p>'),(50,'a:2:{i:0;s:1:\"1\";i:1;s:1:\"2\";}','<ul class=\" list-paddingleft-2\"><li style=\"\"><p>有效期</p></li><li style=\"\"><p>2013.3.20 至 2015.7.25（周末、法定节假日通用）</p></li><li style=\"\"><p>使用时间</p></li><li style=\"\"><p>10:00-23:00</p></li><li style=\"\"><p>预约提醒</p></li><li style=\"\"><p>至少提前1天致电商家预约</p></li><li style=\"\"><p>其他优惠</p></li><li style=\"\"><p>凭美团券到店消费不可同时享受店内其他优惠</p></li><li style=\"\"><p>使用规则</p></li><li id=\"yui_3_16_0_1_1434980156410_2183\" style=\"\"><ul id=\"yui_3_16_0_1_1434980156410_2182\" style=\"padding: 0px;\" class=\" list-paddingleft-2\"><li><p>每人限用1张美团券</p></li><li><p>每张美团券仅限1人使用</p></li><li><p>本单需一次性体验完毕</p></li><li><p>本单免费提供洗浴</p></li></ul></li></ul><p><br/></p>'),(51,'a:2:{i:0;s:1:\"1\";i:1;s:1:\"2\";}','<ul class=\" list-paddingleft-2\"><li style=\"\"><p>有效期</p></li><li style=\"\"><p>2015.4.14 至 2015.6.30（周末、法定节假日通用）</p></li><li style=\"\"><p>使用时间</p></li><li style=\"\"><p>美团券24小时可用</p></li><li style=\"\"><p>预约方式</p></li><li style=\"\"><p>请至少提早2小时预约</p></li><li style=\"\"><p>其他</p></li><li id=\"yui_3_16_0_1_1434980209217_2219\" style=\"\"><p>每人限用1张美团券\r\n仅限一次体验完毕\r\n每张美团券限1人使用\r\n提供免费洗浴\r\n团购用户不可同时享受商家其他优惠\r\n免费提供100个停车位\r\n提供免费WiFi</p></li></ul><p><br/></p>'),(52,'a:2:{i:0;s:1:\"1\";i:1;s:1:\"2\";}','<ul class=\" list-paddingleft-2\"><li style=\"\"><p>有效期</p></li><li style=\"\"><p>2015.3.31 至 2015.7.28（周末、法定节假日通用）</p></li><li style=\"\"><p>使用时间</p></li><li style=\"\"><p>10:00-22:00</p></li><li style=\"\"><p>预约提醒</p></li><li style=\"\"><p>无需预约，消费高峰时可能需要等位</p></li><li style=\"\"><p>限购限用提醒</p></li><li style=\"\"><p>每张美团券限1人使用</p></li><li style=\"\"><p>特殊限制性信息</p></li><li style=\"\"><p>仅限3岁（含）以上至13岁（含）以下体验\r\n包含保险：事故、财产、人身伤害综合保险\r\n仅限到店自提，不提供配送服务</p></li><li style=\"\"><p>温馨提示</p></li><li style=\"\"><p>团购用户不可同时享受商家其他优惠\r\n美团券密码一旦验证即代表消费成功，不可申请“随时退款”和“过期退款”，请您合理安排验证时间</p></li><li style=\"\"><p>商家服务</p></li><li id=\"yui_3_16_0_1_1434980269963_2247\" style=\"\"><p>提供免费WiFi</p></li></ul><p><br/></p>'),(53,'a:1:{i:0;s:1:\"1\";}','<ul class=\" list-paddingleft-2\"><li style=\"\"><p>商家QQ</p></li><li style=\"\"><p><a target=\"_blank\" href=\"http://wpa.qq.com/msgrd?v=3&amp;uin=921195588&amp;site=qq&amp;menu=yes\" title=\"点击这里给我发消息\" style=\"color: rgb(43, 184, 170); text-decoration: none;\">921195588<img src=\"http://wpa.qq.com/pa?p=1:921195588:42\" border=\"0\" alt=\"点击这里给我发消息\" style=\"border: 0px; max-width: 702px;\"/></a></p></li><li style=\"\"><p>产品咨询</p></li><li style=\"\"><p>商家电话：0755-88865446；联系时间：09:00-18:00</p></li><li style=\"\"><p>配送范围</p></li><li style=\"\"><p>全国（除青海西藏及港澳台地区外）均可配送</p></li><li style=\"\"><p>快递公司</p></li><li style=\"\"><p>本单使用<a href=\"http://www.sto.cn/\" target=\"_blank\" style=\"color: rgb(43, 184, 170); text-decoration: none;\"><strong>申通快递</strong></a>（400-889-5543）、<a href=\"http://www.ems.com.cn/\" target=\"_blank\" style=\"color: rgb(43, 184, 170); text-decoration: none;\"><strong>EMS</strong></a>（11183）</p></li><li style=\"\"><p>配送费用</p></li><li style=\"\"><p>本单邮费5.00元，购买2件及以上包邮</p></li><li style=\"\"><p>配送时间</p></li><li style=\"\"><p>购买成功后2天内发货，3-7天送达</p></li><li style=\"\"><p>售后保障</p></li><li id=\"yui_3_16_0_1_1434980390702_1849\" style=\"\"><p>如需退换货，请进入<a href=\"http://www.meituan.com/orders\" target=\"_blank\" style=\"color: rgb(43, 184, 170); text-decoration: none;\">我的订单</a></p></li></ul><p><br/></p>'),(54,'a:2:{i:0;s:1:\"1\";i:1;s:1:\"2\";}','<ul class=\" list-paddingleft-2\"><li style=\"\"><p>商家QQ</p></li><li style=\"\"><p><a target=\"_blank\" href=\"http://wpa.qq.com/msgrd?v=3&amp;uin=1173743516&amp;site=qq&amp;menu=yes\" title=\"点击这里给我发消息\" style=\"color: rgb(43, 184, 170); text-decoration: none;\">1173743516<img src=\"http://wpa.qq.com/pa?p=1:1173743516:42\" border=\"0\" alt=\"点击这里给我发消息\" style=\"border: 0px; max-width: 702px;\"/></a></p></li><li style=\"\"><p>产品咨询</p></li><li style=\"\"><p>商家电话：400-800-0808转883315；联系时间：09:00-18:00</p></li><li style=\"\"><p>配送范围</p></li><li style=\"\"><p>全国（除港澳台外）均可配送</p></li><li style=\"\"><p>快递公司</p></li><li style=\"\"><p>本单使用<a href=\"http://www.yto.net.cn/cn/index/index.html\" target=\"_blank\" style=\"color: rgb(43, 184, 170); text-decoration: none;\"><strong>圆通快递</strong></a>（95554/021-69777888）、<a href=\"http://www.yundaex.com/\" target=\"_blank\" style=\"color: rgb(43, 184, 170); text-decoration: none;\"><strong>韵达快递</strong></a>（400-821-6789）</p></li><li style=\"\"><p>配送费用</p></li><li style=\"\"><p>本单邮费0.00元，购买1件及以上包邮</p></li><li style=\"\"><p>配送时间</p></li><li style=\"\"><p>购买成功后2天内发货，3-7天送达</p></li><li style=\"\"><p>售后保障</p></li><li style=\"\"><p>如需退换货，请进入<a href=\"http://www.meituan.com/orders\" target=\"_blank\" style=\"color: rgb(43, 184, 170); text-decoration: none;\">我的订单</a></p></li></ul><p><br/></p>'),(55,'a:2:{i:0;s:1:\"1\";i:1;s:1:\"2\";}','<ul class=\" list-paddingleft-2\"><li style=\"\"><p>商家QQ</p></li><li style=\"\"><p><a target=\"_blank\" href=\"http://wpa.qq.com/msgrd?v=3&amp;uin=1922166819&amp;site=qq&amp;menu=yes\" title=\"点击这里给我发消息\" style=\"color: rgb(43, 184, 170); text-decoration: none;\">1922166819<img src=\"http://wpa.qq.com/pa?p=1:1922166819:42\" border=\"0\" alt=\"点击这里给我发消息\" style=\"border: 0px; max-width: 702px;\"/></a></p></li><li style=\"\"><p>产品咨询</p></li><li style=\"\"><p>商家电话：15167084540；联系时间：09:00-18:00</p></li><li style=\"\"><p>配送范围</p></li><li style=\"\"><p>全国（除新疆、西藏偏远地区及港澳台地区外）均可配送</p></li><li style=\"\"><p>快递公司</p></li><li style=\"\"><p>本单使用<a href=\"http://www.yto.net.cn/cn/index/index.html\" target=\"_blank\" style=\"color: rgb(43, 184, 170); text-decoration: none;\"><strong>圆通快递</strong></a>（95554/021-69777888）、<a href=\"http://www.zto.cn/\" target=\"_blank\" style=\"color: rgb(43, 184, 170); text-decoration: none;\"><strong>中通快递</strong></a>（400-827-0270）</p></li><li style=\"\"><p>配送费用</p></li><li style=\"\"><p>本单邮费0.00元，购买1件及以上包邮</p></li><li style=\"\"><p>配送时间</p></li><li style=\"\"><p>购买成功后2天内发货，3-7天送达</p></li><li style=\"\"><p>售后保障</p></li><li id=\"yui_3_16_0_1_1434980479310_1891\" style=\"\"><p>如需退换货，请进入<a href=\"http://www.meituan.com/orders\" target=\"_blank\" style=\"color: rgb(43, 184, 170); text-decoration: none;\">我的订单</a></p></li></ul><p><br/></p>'),(56,'a:2:{i:0;s:1:\"1\";i:1;s:1:\"2\";}','<ul class=\" list-paddingleft-2\"><li style=\"\"><p>商家QQ</p></li><li style=\"\"><p><a target=\"_blank\" href=\"http://wpa.qq.com/msgrd?v=3&amp;uin=1018863095&amp;site=qq&amp;menu=yes\" title=\"点击这里给我发消息\" style=\"color: rgb(43, 184, 170); text-decoration: none;\">1018863095<img src=\"http://wpa.qq.com/pa?p=1:1018863095:42\" border=\"0\" alt=\"点击这里给我发消息\" style=\"border: 0px; max-width: 702px;\"/></a></p></li><li style=\"\"><p>产品咨询</p></li><li style=\"\"><p>商家电话：18122801380；联系时间：周一至周六10:00-18:00</p></li><li style=\"\"><p>配送范围</p></li><li style=\"\"><p>全国（除中通不到的偏远山区及港澳台地区外）均可配送</p></li><li style=\"\"><p>快递公司</p></li><li style=\"\"><p>本单使用<a href=\"http://www.zto.cn/\" target=\"_blank\" style=\"color: rgb(43, 184, 170); text-decoration: none;\"><strong>中通快递</strong></a>（400-827-0270）</p></li><li style=\"\"><p>配送费用</p></li><li style=\"\"><p>本单邮费0.00元，购买1件及以上包邮</p></li><li style=\"\"><p>配送时间</p></li><li style=\"\"><p>购买成功后2天内发货，3-7天送达</p></li><li style=\"\"><p>售后保障</p></li><li id=\"yui_3_16_0_1_1434980532554_1881\" style=\"\"><p>如需退换货，请进入<a href=\"http://www.meituan.com/orders\" target=\"_blank\" style=\"color: rgb(43, 184, 170); text-decoration: none;\">我的订单</a></p></li></ul><p><br/></p>'),(57,'a:2:{i:0;s:1:\"1\";i:1;s:1:\"2\";}','<ul class=\" list-paddingleft-2\"><li style=\"\"><p>商家QQ</p></li><li style=\"\"><p><a target=\"_blank\" href=\"http://wpa.qq.com/msgrd?v=3&amp;uin=2207592837&amp;site=qq&amp;menu=yes\" title=\"点击这里给我发消息\" style=\"color: rgb(43, 184, 170); text-decoration: none;\">2207592837<img src=\"http://wpa.qq.com/pa?p=1:2207592837:42\" border=\"0\" alt=\"点击这里给我发消息\" style=\"border: 0px; max-width: 702px;\"/></a></p></li><li style=\"\"><p>产品咨询</p></li><li style=\"\"><p>商家电话：0575-80706793；联系时间：09:00-18:00</p></li><li style=\"\"><p>购买说明</p></li><li style=\"\"><p>每个用户最多可购买100件</p></li><li style=\"\"><p>配送范围</p></li><li style=\"\"><p>全国（除新疆西藏 内蒙 青海 宁夏及港澳台地区外）均可配送</p></li><li style=\"\"><p>快递公司</p></li><li style=\"\"><p>本单使用<a href=\"http://www.yundaex.com/\" target=\"_blank\" style=\"color: rgb(43, 184, 170); text-decoration: none;\"><strong>韵达快递</strong></a>（400-821-6789）</p></li><li style=\"\"><p>配送费用</p></li><li style=\"\"><p>本单邮费8.00元，购买3件及以上包邮</p></li><li style=\"\"><p>配送时间</p></li><li style=\"\"><p>购买成功后2天内发货，3-7天送达</p></li><li style=\"\"><p>售后保障</p></li><li id=\"yui_3_16_0_1_1434980575885_2083\" style=\"\"><p>如需退换货，请进入<a href=\"http://www.meituan.com/orders\" target=\"_blank\" style=\"color: rgb(43, 184, 170); text-decoration: none;\">我的订单</a></p></li></ul><p><br/></p>'),(58,'a:2:{i:0;s:1:\"1\";i:1;s:1:\"2\";}','<ul class=\" list-paddingleft-2\"><li style=\"\"><p>有效期</p></li><li style=\"\"><p>2013.12.14 至 2015.7.6（周末、法定节假日通用）</p></li><li style=\"\"><p>使用时间</p></li><li style=\"\"><p>08:00-18:00</p></li><li style=\"\"><p>预约提醒</p></li><li style=\"\"><p>请至少提前1小时致电0591-83362420预约，预约时需提供姓名、地址、电话及美团券</p></li><li style=\"\"><p>使用方法</p></li><li style=\"\"><p>请于有效期内到店兑换商品卡，商品卡的有效期自兑换日起12个月内		，接待时间皆可兑换</p></li><li style=\"\"><p>其他优惠</p></li><li style=\"\"><p>凭美团券到店消费不可同时享受店内其他优惠</p></li><li style=\"\"><p>使用规则</p></li><li id=\"yui_3_16_0_1_1434980631094_2189\" style=\"\"><ul id=\"yui_3_16_0_1_1434980631094_2188\" style=\"padding: 0px;\" class=\" list-paddingleft-2\"><li><p>预约后第2-4小时发货，发货后当天送达</p></li><li><p>市区有十余个配送点，正常配送时间是2-4小时</p></li><li><p>订水时，如没有空桶需另付25元/桶押金，还桶时押金可退（凭盖公章条退桶）</p></li><li><p>夏季饮水量较大，若工作人员配送水时间有所延误，敬请谅解</p></li><li><p>二环以内（鼓楼区、台江区、晋安区）提供免费送水上门服务</p></li><li><p>十张美团券起拍，一桶起提供免费送水上门服务</p></li><li><p>1桶起均可提供免费送水上门服务</p></li></ul></li></ul><p><br/></p>'),(59,'a:2:{i:0;s:1:\"1\";i:1;s:1:\"2\";}','<ul class=\" list-paddingleft-2\"><li style=\"\"><p>商家QQ</p></li><li style=\"\"><p><a target=\"_blank\" href=\"http://wpa.qq.com/msgrd?v=3&amp;uin=3156251813&amp;site=qq&amp;menu=yes\" title=\"点击这里给我发消息\" style=\"color: rgb(43, 184, 170); text-decoration: none;\">3156251813<img src=\"http://wpa.qq.com/pa?p=1:3156251813:42\" border=\"0\" alt=\"点击这里给我发消息\" style=\"border: 0px; max-width: 702px;\"/></a> <a target=\"_blank\" href=\"http://wpa.qq.com/msgrd?v=3&amp;uin=1926306056&amp;site=qq&amp;menu=yes\" title=\"点击这里给我发消息\" style=\"color: rgb(43, 184, 170); text-decoration: none;\">1926306056<img src=\"http://wpa.qq.com/pa?p=1:1926306056:42\" border=\"0\" alt=\"点击这里给我发消息\" style=\"border: 0px; max-width: 702px;\"/></a></p></li><li style=\"\"><p>产品咨询</p></li><li style=\"\"><p>商家电话：13196930236，13182457156；联系时间：09:00-18:00</p></li><li style=\"\"><p>配送范围</p></li><li style=\"\"><p>全国（除港澳台外）均可配送</p></li><li style=\"\"><p>快递公司</p></li><li style=\"\"><p>本单使用<a href=\"http://www.800bestex.com//\" target=\"_blank\" style=\"color: rgb(43, 184, 170); text-decoration: none;\"><strong>汇通快运</strong></a>（400-956-5656）</p></li><li style=\"\"><p>配送费用</p></li><li style=\"\"><p>本单邮费0.00元，购买1件及以上包邮</p></li><li style=\"\"><p>配送时间</p></li><li style=\"\"><p>购买成功后2天内发货，3-7天送达</p></li><li style=\"\"><p>售后保障</p></li><li id=\"yui_3_16_0_1_1434980699985_1836\" style=\"\"><p>如需退换货，请进入<a href=\"http://www.meituan.com/orders\" target=\"_blank\" style=\"color: rgb(43, 184, 170); text-decoration: none;\">我的订单</a></p></li></ul><p><br/></p>'),(60,'a:1:{i:0;s:1:\"1\";}','<ul class=\" list-paddingleft-2\"><li style=\"\"><p>商家QQ</p></li><li style=\"\"><p><a target=\"_blank\" href=\"http://wpa.qq.com/msgrd?v=3&amp;uin=3014323524&amp;site=qq&amp;menu=yes\" title=\"点击这里给我发消息\" style=\"color: rgb(43, 184, 170); text-decoration: none;\">3014323524<img src=\"http://wpa.qq.com/pa?p=1:3014323524:42\" border=\"0\" alt=\"点击这里给我发消息\" style=\"border: 0px; max-width: 702px;\"/></a></p></li><li style=\"\"><p>产品咨询</p></li><li style=\"\"><p>商家电话：0532-82699608；联系时间：09:00-18:00</p></li><li style=\"\"><p>配送范围</p></li><li style=\"\"><p>全国（除西藏、新疆、青海、宁夏、内蒙、海南及港澳台地区外）均可配送</p></li><li style=\"\"><p>快递公司</p></li><li style=\"\"><p>本单使用<a href=\"http://www.800bestex.com//\" target=\"_blank\" style=\"color: rgb(43, 184, 170); text-decoration: none;\"><strong>汇通快运</strong></a>（400-956-5656）、<a href=\"http://www.ems.com.cn/\" target=\"_blank\" style=\"color: rgb(43, 184, 170); text-decoration: none;\"><strong>EMS</strong></a>（11183）</p></li><li style=\"\"><p>配送费用</p></li><li style=\"\"><p>本单邮费0.00元，购买1件及以上包邮</p></li><li style=\"\"><p>配送时间</p></li><li style=\"\"><p>购买成功后2天内发货，3-7天送达</p></li><li style=\"\"><p>售后保障</p></li><li id=\"yui_3_16_0_1_1434980751247_1885\" style=\"\"><p>如需退换货，请进入<a href=\"http://www.meituan.com/orders\" target=\"_blank\" style=\"color: rgb(43, 184, 170); text-decoration: none;\">我的订单</a></p></li></ul><p><br/></p>'),(61,'a:2:{i:0;s:1:\"1\";i:1;s:1:\"2\";}','<ul class=\" list-paddingleft-2\"><li style=\"\"><p>商家QQ</p></li><li style=\"\"><p><a target=\"_blank\" href=\"http://wpa.qq.com/msgrd?v=3&amp;uin=824161407&amp;site=qq&amp;menu=yes\" title=\"点击这里给我发消息\" style=\"color: rgb(43, 184, 170); text-decoration: none;\">824161407<img src=\"http://wpa.qq.com/pa?p=1:824161407:42\" border=\"0\" alt=\"点击这里给我发消息\" style=\"border: 0px; max-width: 702px;\"/></a></p></li><li style=\"\"><p>产品咨询</p></li><li style=\"\"><p>商家电话：18069956736；联系时间：09:00-18:00</p></li><li style=\"\"><p>配送范围</p></li><li style=\"\"><p>全国（除港澳台外）均可配送</p></li><li style=\"\"><p>快递公司</p></li><li style=\"\"><p>本单使用<a href=\"http://www.800bestex.com//\" target=\"_blank\" style=\"color: rgb(43, 184, 170); text-decoration: none;\"><strong>汇通快运</strong></a>（400-956-5656）、<a href=\"http://www.ems.com.cn/\" target=\"_blank\" style=\"color: rgb(43, 184, 170); text-decoration: none;\"><strong>EMS</strong></a>（11183）</p></li><li style=\"\"><p>配送费用</p></li><li style=\"\"><p>本单邮费0.00元，购买1件及以上包邮</p></li><li style=\"\"><p>配送时间</p></li><li style=\"\"><p>购买成功后2天内发货，3-7天送达</p></li><li style=\"\"><p>售后保障</p></li><li id=\"yui_3_16_0_1_1434980855629_1884\" style=\"\"><p>如需退换货，请进入<a href=\"http://www.meituan.com/orders\" target=\"_blank\" style=\"color: rgb(43, 184, 170); text-decoration: none;\">我的订单</a></p></li></ul><p><br/></p>'),(62,'a:1:{i:0;s:1:\"1\";}','<ul class=\" list-paddingleft-2\"><li style=\"\"><p>商家QQ</p></li><li style=\"\"><p><a target=\"_blank\" href=\"http://wpa.qq.com/msgrd?v=3&amp;uin=613818111&amp;site=qq&amp;menu=yes\" title=\"点击这里给我发消息\" style=\"color: rgb(43, 184, 170); text-decoration: none;\">613818111<img src=\"http://wpa.qq.com/pa?p=1:613818111:42\" border=\"0\" alt=\"点击这里给我发消息\" style=\"border: 0px; max-width: 702px;\"/></a></p></li><li style=\"\"><p>产品咨询</p></li><li style=\"\"><p>商家电话：15688886270；联系时间：08:30-18:00</p></li><li style=\"\"><p>配送范围</p></li><li style=\"\"><p>全国（除新疆、西藏及港澳台地区外）均可配送</p></li><li style=\"\"><p>快递公司</p></li><li style=\"\"><p>本单使用<a href=\"http://www.800bestex.com//\" target=\"_blank\" style=\"color: rgb(43, 184, 170); text-decoration: none;\"><strong>汇通快运</strong></a>（400-956-5656）、<a href=\"http://www.yto.net.cn/cn/index/index.html\" target=\"_blank\" style=\"color: rgb(43, 184, 170); text-decoration: none;\"><strong>圆通快递</strong></a>（95554/021-69777888）、<a href=\"http://www.ems.com.cn/\" target=\"_blank\" style=\"color: rgb(43, 184, 170); text-decoration: none;\"><strong>EMS</strong></a>（11183）</p></li><li style=\"\"><p>配送费用</p></li><li style=\"\"><p>本单邮费0.00元，购买1件及以上包邮</p></li><li style=\"\"><p>配送时间</p></li><li style=\"\"><p>购买成功后2天内发货，3-7天送达</p></li><li style=\"\"><p>售后保障</p></li><li id=\"yui_3_16_0_1_1434980912046_1783\" style=\"\"><p>如需退换货，请进入<a href=\"http://www.meituan.com/orders\" target=\"_blank\" style=\"color: rgb(43, 184, 170); text-decoration: none;\">我的订单</a></p></li></ul><p><br/></p>'),(63,'N;','<ul class=\" list-paddingleft-2\"><li style=\"\"><p>商家QQ</p></li><li style=\"\"><p><a target=\"_blank\" href=\"http://wpa.qq.com/msgrd?v=3&amp;uin=2337069534&amp;site=qq&amp;menu=yes\" title=\"点击这里给我发消息\" style=\"color: rgb(43, 184, 170); text-decoration: none;\">2337069534<img src=\"http://wpa.qq.com/pa?p=1:2337069534:42\" border=\"0\" alt=\"点击这里给我发消息\" style=\"border: 0px; max-width: 702px;\"/></a> <a target=\"_blank\" href=\"http://wpa.qq.com/msgrd?v=3&amp;uin=3153557768&amp;site=qq&amp;menu=yes\" title=\"点击这里给我发消息\" style=\"color: rgb(43, 184, 170); text-decoration: none;\">3153557768<img src=\"http://wpa.qq.com/pa?p=1:3153557768:42\" border=\"0\" alt=\"点击这里给我发消息\" style=\"border: 0px; max-width: 702px;\"/></a></p></li><li style=\"\"><p>产品咨询</p></li><li style=\"\"><p>商家电话：13355882767；联系时间：09:00-18:00</p></li><li style=\"\"><p>配送范围</p></li><li style=\"\"><p>全国（除港澳台外）均可配送</p></li><li style=\"\"><p>快递公司</p></li><li style=\"\"><p>本单使用<a href=\"http://www.800bestex.com//\" target=\"_blank\" style=\"color: rgb(43, 184, 170); text-decoration: none;\"><strong>汇通快运</strong></a>（400-956-5656）、<a href=\"http://www.yto.net.cn/cn/index/index.html\" target=\"_blank\" style=\"color: rgb(43, 184, 170); text-decoration: none;\"><strong>圆通快递</strong></a>（95554/021-69777888）、<a href=\"http://www.ems.com.cn/\" target=\"_blank\" style=\"color: rgb(43, 184, 170); text-decoration: none;\"><strong>EMS</strong></a>（11183）</p></li><li style=\"\"><p>配送费用</p></li><li style=\"\"><p>本单邮费0.00元，购买1件及以上包邮</p></li><li style=\"\"><p>配送时间</p></li><li style=\"\"><p>购买成功后2天内发货，3-7天送达</p></li><li style=\"\"><p>售后保障</p></li><li id=\"yui_3_16_0_1_1434980961587_1908\" style=\"\"><p>如需退换货，请进入<a href=\"http://www.meituan.com/orders\" target=\"_blank\" style=\"color: rgb(43, 184, 170); text-decoration: none;\">我的订单</a></p></li></ul><p><br/></p>'),(64,'a:2:{i:0;s:1:\"1\";i:1;s:1:\"2\";}','<ul class=\" list-paddingleft-2\"><li style=\"\"><p>商家QQ</p></li><li style=\"\"><p><a target=\"_blank\" href=\"http://wpa.qq.com/msgrd?v=3&amp;uin=3061970796&amp;site=qq&amp;menu=yes\" title=\"点击这里给我发消息\" style=\"color: rgb(43, 184, 170); text-decoration: none;\">3061970796<img src=\"http://wpa.qq.com/pa?p=1:3061970796:42\" border=\"0\" alt=\"点击这里给我发消息\" style=\"border: 0px; max-width: 702px;\"/></a></p></li><li style=\"\"><p>产品咨询</p></li><li style=\"\"><p>商家电话：025-52297682；联系时间：09:00-18:00</p></li><li style=\"\"><p>配送范围</p></li><li style=\"\"><p>全国（除新疆西藏及港澳台地区外）均可配送</p></li><li style=\"\"><p>快递公司</p></li><li style=\"\"><p>本单使用<a href=\"http://www.ems.com.cn/\" target=\"_blank\" style=\"color: rgb(43, 184, 170); text-decoration: none;\"><strong>EMS</strong></a>（11183）、<a href=\"http://www.zto.cn/\" target=\"_blank\" style=\"color: rgb(43, 184, 170); text-decoration: none;\"><strong>中通快递</strong></a>（400-827-0270）</p></li><li style=\"\"><p>配送费用</p></li><li style=\"\"><p>本单邮费0.00元，购买1件及以上包邮</p></li><li style=\"\"><p>配送时间</p></li><li style=\"\"><p>购买成功后2天内发货，3-7天送达</p></li><li id=\"yui_3_16_0_1_1434981017326_1993\" style=\"\"><p>售后保障</p></li><li id=\"yui_3_16_0_1_1434981017326_1997\" style=\"\"><p>如需退换货，请进入<a href=\"http://www.meituan.com/orders\" target=\"_blank\" style=\"color: rgb(43, 184, 170); text-decoration: none;\">我的订单</a></p></li></ul><p><br/></p>'),(65,'a:2:{i:0;s:1:\"1\";i:1;s:1:\"2\";}','<ul class=\" list-paddingleft-2\"><li style=\"\"><p>商家QQ</p></li><li style=\"\"><p><a target=\"_blank\" href=\"http://wpa.qq.com/msgrd?v=3&amp;uin=1956689761&amp;site=qq&amp;menu=yes\" title=\"点击这里给我发消息\" style=\"color: rgb(43, 184, 170); text-decoration: none;\">1956689761<img src=\"http://wpa.qq.com/pa?p=1:1956689761:42\" border=\"0\" alt=\"点击这里给我发消息\" style=\"border: 0px; max-width: 702px;\"/></a> <a target=\"_blank\" href=\"http://wpa.qq.com/msgrd?v=3&amp;uin=2638419353&amp;site=qq&amp;menu=yes\" title=\"点击这里给我发消息\" style=\"color: rgb(43, 184, 170); text-decoration: none;\">2638419353<img src=\"http://wpa.qq.com/pa?p=1:2638419353:42\" border=\"0\" alt=\"点击这里给我发消息\" style=\"border: 0px; max-width: 702px;\"/></a></p></li><li style=\"\"><p>产品咨询</p></li><li style=\"\"><p>商家电话：18105083791；联系时间：09:00-23:00</p></li><li style=\"\"><p>配送范围</p></li><li style=\"\"><p>全国（除西藏，青海，新疆，青海及港澳台地区外）均可配送</p></li><li style=\"\"><p>快递公司</p></li><li style=\"\"><p>本单使用<a href=\"http://www.sto.cn/\" target=\"_blank\" style=\"color: rgb(43, 184, 170); text-decoration: none;\"><strong>申通快递</strong></a>（400-889-5543）、<a href=\"http://www.800bestex.com//\" target=\"_blank\" style=\"color: rgb(43, 184, 170); text-decoration: none;\"><strong>汇通快运</strong></a>（400-956-5656）</p></li><li style=\"\"><p>配送费用</p></li><li style=\"\"><p>本单邮费0.00元，购买1件及以上包邮</p></li><li style=\"\"><p>配送时间</p></li><li style=\"\"><p>购买成功后2天内发货，3-7天送达</p></li><li style=\"\"><p>售后保障</p></li><li id=\"yui_3_16_0_1_1434981085120_1952\" style=\"\"><p>如需退换货，请进入<a href=\"http://www.meituan.com/orders\" target=\"_blank\" style=\"color: rgb(43, 184, 170); text-decoration: none;\">我的订单</a></p></li></ul><p><br/></p>');
/*!40000 ALTER TABLE `yy_goods_detail` ENABLE KEYS */;
UNLOCK TABLES;

--
-- Table structure for table `yy_order`
--

DROP TABLE IF EXISTS `yy_order`;
/*!40101 SET @saved_cs_client     = @@character_set_client */;
/*!40101 SET character_set_client = utf8 */;
CREATE TABLE `yy_order` (
  `orderid` int(10) unsigned NOT NULL AUTO_INCREMENT,
  `user_id` int(10) NOT NULL,
  `goods_id` int(10) NOT NULL,
  `goods_num` smallint(6) NOT NULL,
  `total_money` smallint(6) NOT NULL,
  `addressid` smallint(6) NOT NULL,
  `status` enum('未付款','已付款') NOT NULL DEFAULT '未付款',
  PRIMARY KEY (`orderid`)
) ENGINE=MyISAM AUTO_INCREMENT=64 DEFAULT CHARSET=utf8;
/*!40101 SET character_set_client = @saved_cs_client */;

--
-- Dumping data for table `yy_order`
--

LOCK TABLES `yy_order` WRITE;
/*!40000 ALTER TABLE `yy_order` DISABLE KEYS */;
INSERT INTO `yy_order` VALUES (23,1,13,1,122,3,'已付款'),(48,5,18,1,127,3,'已付款'),(37,1,17,1,25,3,'已付款'),(39,1,16,1,79,3,'已付款'),(40,1,15,1,138,3,'已付款'),(41,1,15,1,138,3,'已付款'),(42,1,17,1,25,3,'已付款'),(43,1,17,1,25,3,'已付款'),(44,1,15,1,138,3,'已付款'),(45,1,24,1,169,3,'已付款'),(46,1,22,1,98,3,'已付款'),(47,1,30,1,170,3,'已付款'),(49,1,39,1,28,3,'已付款'),(50,8,15,1,138,3,'已付款'),(51,8,15,1,138,3,'已付款'),(52,1,24,1,169,3,'已付款'),(53,1,16,1,79,3,'已付款'),(54,2,22,1,98,3,'已付款'),(55,8,26,1,269,3,'已付款'),(56,8,45,1,1380,3,'已付款'),(57,9,16,1,79,4,'已付款'),(58,1,15,1,138,3,'已付款'),(59,1,15,1,138,3,'已付款'),(60,10,20,1,159,4,'已付款'),(61,10,16,1,79,4,'已付款'),(62,10,16,1,79,5,'已付款'),(63,2,22,1,98,6,'已付款');
/*!40000 ALTER TABLE `yy_order` ENABLE KEYS */;
UNLOCK TABLES;

--
-- Table structure for table `yy_shops`
--

DROP TABLE IF EXISTS `yy_shops`;
/*!40101 SET @saved_cs_client     = @@character_set_client */;
/*!40101 SET character_set_client = utf8 */;
CREATE TABLE `yy_shops` (
  `sid` int(11) NOT NULL AUTO_INCREMENT,
  `shopname` char(10) NOT NULL,
  `shopaddress` varchar(45) NOT NULL,
  `metroaddress` varchar(60) NOT NULL,
  `shoptel` int(10) NOT NULL,
  `shopcoord` varchar(100) NOT NULL,
  PRIMARY KEY (`sid`),
  UNIQUE KEY `idyy_shops_UNIQUE` (`sid`)
) ENGINE=MyISAM AUTO_INCREMENT=4 DEFAULT CHARSET=utf8;
/*!40101 SET character_set_client = @saved_cs_client */;

--
-- Dumping data for table `yy_shops`
--

LOCK TABLES `yy_shops` WRITE;
/*!40000 ALTER TABLE `yy_shops` DISABLE KEYS */;
INSERT INTO `yy_shops` VALUES (2,'悠悠小小冰屋','五四路一条街','地铁三号线',1865930791,'{\"lng\":119.290633,\"lat\":26.097871}'),(3,'林峰小丸子','鼓楼区八方大厦','地铁四号线',1830591764,'{\"lng\":119.3185,\"lat\":26.093456}');
/*!40000 ALTER TABLE `yy_shops` ENABLE KEYS */;
UNLOCK TABLES;

--
-- Table structure for table `yy_user`
--

DROP TABLE IF EXISTS `yy_user`;
/*!40101 SET @saved_cs_client     = @@character_set_client */;
/*!40101 SET character_set_client = utf8 */;
CREATE TABLE `yy_user` (
  `uid` int(10) unsigned NOT NULL AUTO_INCREMENT,
  `username` varchar(50) NOT NULL,
  `password` char(32) NOT NULL,
  `email` varchar(30) NOT NULL,
  PRIMARY KEY (`uid`),
  UNIQUE KEY `idyy_users_UNIQUE` (`uid`)
) ENGINE=MyISAM AUTO_INCREMENT=11 DEFAULT CHARSET=utf8;
/*!40101 SET character_set_client = @saved_cs_client */;

--
-- Dumping data for table `yy_user`
--

LOCK TABLES `yy_user` WRITE;
/*!40000 ALTER TABLE `yy_user` DISABLE KEYS */;
INSERT INTO `yy_user` VALUES (1,'wo361658575','0b8903c9911e1562d80895099b8b8304','361658575@qq.com'),(2,'wo601485808','0b8903c9911e1562d80895099b8b8304','601485808@qq.com'),(3,'adadadssa','0b8903c9911e1562d80895099b8b8304','3616585751@qq.com'),(4,'wo123456','0b8903c9911e1562d80895099b8b8304','123456@q.com'),(5,'wozhiaini','0b8903c9911e1562d80895099b8b8304','a361658575@qq.com'),(6,'admin888','0b8903c9911e1562d80895099b8b8304','123456@qq.com'),(7,'wozhiaini1','0b8903c9911e1562d80895099b8b8304','3616585752@qq.com'),(8,'tanyouyou123','e10adc3949ba59abbe56e057f20f883e','921405510@qq.com'),(9,'admin99','0b8903c9911e1562d80895099b8b8304','39389@qq.com'),(10,'matuwang','96e79218965eb72c92a549dd5a330112','18718181@qq.com');
/*!40000 ALTER TABLE `yy_user` ENABLE KEYS */;
UNLOCK TABLES;

--
-- Table structure for table `yy_userinfo`
--

DROP TABLE IF EXISTS `yy_userinfo`;
/*!40101 SET @saved_cs_client     = @@character_set_client */;
/*!40101 SET character_set_client = utf8 */;
CREATE TABLE `yy_userinfo` (
  `info_id` int(10) unsigned NOT NULL AUTO_INCREMENT,
  `user_id` int(10) unsigned NOT NULL,
  `balance` int(6) unsigned NOT NULL DEFAULT '0',
  `integral` smallint(6) unsigned NOT NULL DEFAULT '0',
  PRIMARY KEY (`info_id`)
) ENGINE=InnoDB AUTO_INCREMENT=20 DEFAULT CHARSET=utf8;
/*!40101 SET character_set_client = @saved_cs_client */;

--
-- Dumping data for table `yy_userinfo`
--

LOCK TABLES `yy_userinfo` WRITE;
/*!40000 ALTER TABLE `yy_userinfo` DISABLE KEYS */;
INSERT INTO `yy_userinfo` VALUES (1,1,9608,0),(2,2,9902,0),(3,3,0,0),(4,4,0,0),(5,5,0,0),(6,6,9498,0),(7,7,0,0),(15,0,0,0),(16,12,0,0),(17,13,9862,0),(18,9,9921,0),(19,10,19683,0);
/*!40000 ALTER TABLE `yy_userinfo` ENABLE KEYS */;
UNLOCK TABLES;
/*!40103 SET TIME_ZONE=@OLD_TIME_ZONE */;

/*!40101 SET SQL_MODE=@OLD_SQL_MODE */;
/*!40014 SET FOREIGN_KEY_CHECKS=@OLD_FOREIGN_KEY_CHECKS */;
/*!40014 SET UNIQUE_CHECKS=@OLD_UNIQUE_CHECKS */;
/*!40101 SET CHARACTER_SET_CLIENT=@OLD_CHARACTER_SET_CLIENT */;
/*!40101 SET CHARACTER_SET_RESULTS=@OLD_CHARACTER_SET_RESULTS */;
/*!40101 SET COLLATION_CONNECTION=@OLD_COLLATION_CONNECTION */;
/*!40111 SET SQL_NOTES=@OLD_SQL_NOTES */;

-- Dump completed on 2015-12-02 10:42:28
